기준_년분기_코드,상권_코드,상권_코드_명,평균_평일_유동인구_수,평균_주말_유동인구_수,평일_대비_주말_유동인구_비율
20244,3130327,"평화시장(남평화시장, 제일평화시장, 신평화패션타운)",9615.2,6055.0,0.6297320908561443
20244,3110548,마포구청역 4번,163648.4,172190.0,1.0521948274471369
20244,3110538,충정로역 3번,52915.8,38266.0,0.7231488515717422
20244,3110539,미근동,46125.0,20116.0,0.4361192411924119
20244,3110540,망원나들목체육관,78637.8,89771.5,1.1415820381546788
20244,3110541,동교초등학교,176143.2,198760.0,1.1284000744848508
20244,3110542,마포구청역 7번,179170.0,192012.5,1.071677736228163
20244,3110543,중암중학교,20081.0,21626.0,1.0769383994820976
20244,3110544,망리단길,686121.4,784479.0,1.143353056762258
20244,3110545,마포구청역 1번,70997.0,73551.0,1.035973350986661
20244,3110546,양화대교북단,100535.8,108033.0,1.0745724408618622
20244,3110547,KB국민은행 망원동지점,109069.2,120104.5,1.1011770508997958
20244,3110549,새터산,125540.2,137565.0,1.0957844578867963
20244,3110536,돈의문센트레빌아파트입구,18889.4,15025.0,0.7954196533505563
20244,3110550,합정역 8번,183676.0,191057.5,1.0401876129706658
20244,3110551,성서초등학교,192136.6,196437.0,1.0223819928113644
20244,3110552,성미산체육관,77071.6,75777.0,0.9832026323574442
20244,3110553,가좌역 2번,131164.6,136769.0,1.0427279921564203
20244,3110554,망원역 1번,195928.2,165761.0,0.8460293107373007
20244,3110555,홍익지구대,34290.6,29135.5,0.8496643394982882
20244,3110556,절두산순교성지,25051.0,26421.0,1.0546884355913937
20244,3110557,홍대부속여중고앞,104865.2,102508.5,0.977526386255879
20244,3110558,경성고등학교,413574.4,424293.5,1.0259181902941767
20244,3110559,성산중학교,133361.4,135132.5,1.0132804544643352
20244,3110537,충정로현대아파트,86136.2,47646.0,0.5531472249762586
20244,3110535,영천시장입구,114721.4,112050.5,0.9767183803544937
20244,3110561,상수역 4번,101194.2,104592.5,1.033581964183718
20244,3110522,홍제역 3번,47349.8,45164.0,0.9538371862183156
20244,3110512,연희지하차도,163012.4,165470.5,1.0150792209672392
20244,3110513,연희파출소,37893.0,31121.5,0.8212994484469427
20244,3110514,서대문우체국,110930.4,115441.0,1.0406615319155077
20244,3110515,홍은중학교,36326.2,39517.0,1.0878374286327774
20244,3110516,정원여중,9317.6,9459.0,1.015175581694857
20244,3110517,서대문소방서,49513.6,49626.5,1.0022801816066698
20244,3110518,서대문구청,2595.4,2462.5,0.9487940201895662
20244,3110519,서대문구보건소별관,206233.0,223495.0,1.083701444482697
20244,3110520,경의중앙 신촌역,126433.4,128468.5,1.016096221409849
20244,3110521,홍제역 4번,87689.8,91625.5,1.0448820729434891
20244,3110523,홍제성원아파트,8530.0,8615.5,1.0100234466588511
20244,3110534,경기대학교,92028.2,83791.0,0.910492653338868
20244,3110524,연희세브란스병원,24820.4,12253.5,0.4936866448566501
20244,3110525,홍은종합사회복지관,48734.4,52447.0,1.076180275123937
20244,3110526,봉원사,19249.2,14970.0,0.7776946574403092
20244,3110527,홍제역 2번,57908.2,63675.0,1.0995852055494733
20244,3110528,서울여자간호대학교,114996.8,114370.5,0.994553761495972
20244,3110529,홍제3동주민센터,149222.8,159399.5,1.0681980233583608
20244,3110530,아현역 1번,23422.0,23440.0,1.000768508240116
20244,3110531,홍지문,1706.0,1610.5,0.944021101992966
20244,3110532,아현역 2번,174751.8,141214.5,0.8080860969672415
20244,3110533,충정로역 7번,1021384.2,649992.0,0.6363834490488496
20244,3110560,마포FM,106236.2,102782.0,0.9674856593138684
20244,3110562,연트럴파크(연남동주민센터),135367.4,155196.0,1.1464798762479005
20244,3110406,도봉산역 1번,38061.4,44709.0,1.174654636981299
20244,3110600,신월7동주민센터,61108.6,67843.5,1.110211983256039
20244,3110590,만리재,238388.8,237818.5,0.9976076896230024
20244,3110591,충정로역 6번,103616.6,77869.0,0.7515108582987667
20244,3110592,서울금융고등학교,33952.4,32557.5,0.9589160118283244
20244,3110593,신월3동주민센터,146789.6,151007.5,1.0287343245025533
20244,3110594,신월중학교,50154.6,45598.0,0.9091489115654396
20244,3110595,메디힐병원,95928.0,96053.5,1.00130827287132
20244,3110596,서서울호수공원,85943.8,91113.5,1.060152099395186
20244,3110597,신월1동주민센터,158205.4,168373.0,1.0642683498793342
20244,3110598,신월문화체육센터,75920.0,79934.0,1.0528714436248685
20244,3110599,신월1파출소,125203.0,137996.0,1.1021780628259703
20244,3110601,신월1동우편취급국,196891.6,210853.5,1.0709116082148755
20244,3110588,한겨레신문사,141510.6,148274.5,1.047797832812524
20244,3110602,신월시영아파트중문,28382.0,28948.0,1.019942216898034
20244,3110603,지향초등학교,13281.0,12880.5,0.9698441382426022
20244,3110604,신월4동주민센터,151106.8,156028.0,1.0325676938430304
20244,3110605,목동센트럴아이파크앞,6267.0,6325.0,1.0092548268709112
20244,3110606,신한은행 신월동지점,204882.4,209539.0,1.022728160154313
20244,3110607,금빛새마을금고본점,22884.6,25030.5,1.0937704832070476
20244,3110608,신월2동주민센터,151811.0,162680.5,1.0715988959956788
20244,3110609,신정네거리역 2번,127384.8,119072.5,0.9347465317683116
20244,3110610,계남근린공원,102501.4,108801.5,1.061463550741746
20244,3110611,신정역 1번,185416.2,189609.5,1.0226156074819783
20244,3110589,애오개역 3번,13978.2,14794.0,1.0583623070209325
20244,3110587,공덕동주민센터,85374.2,89866.5,1.052618941085246
20244,3110563,상수역 3번,24805.0,26542.5,1.070046361620641
20244,3110574,서강대학교,12113.4,11063.5,0.9133273895025344
20244,3110564,홍대입구역 3번,122211.0,147164.0,1.2041796564957328
20244,3110565,홍익대,61467.6,60656.0,0.9867962959347688
20244,3110566,경의선책거리,201326.2,226797.5,1.1265175620460723
20244,3110567,광흥창역 6번,42595.4,45596.0,1.0704442263718617
20244,3110568,광흥창역 1번,55362.6,53682.0,0.9696437667306088
20244,3110569,홍대땡땡거리,123021.8,131133.5,1.0659370940760091
20244,3110570,KB국민은행 서강지점,30950.6,30207.0,0.97597461761646
20244,3110571,신수동주민센터,67361.6,71306.5,1.0585630388826868
20244,3110572,서강대역 1번,305498.4,294702.0,0.9646597167121006
20244,3110573,신촌역 6번,15560.0,13527.0,0.8693444730077121
20244,3110575,대흥동주민센터,127076.6,127931.5,1.006727438411163
20244,3110586,서울서부지방법원,282639.4,282712.0,1.000256864400363
20244,3110576,대흥역 3번,112763.0,100970.0,0.8954178232221562
20244,3110577,용강동주민센터,70768.4,73691.5,1.0413051587996904
20244,3110578,대흥역 2번,362457.8,340643.0,0.9398142349261072
20244,3110579,마포역 4번,53024.4,56337.0,1.0624731255799216
20244,3110580,양원초등학교,95707.2,94309.0,0.985390858785964
20244,3110581,염리초등학교,19611.4,14426.5,0.7356180588841184
20244,3110582,이대역 5번,68601.6,70057.5,1.0212225370836832
20244,3110583,공덕래미안3차아파트,57587.8,38419.5,0.6671465136712984
20244,3110584,아현역 4번,13562.8,13438.5,0.9908352257645916
20244,3110585,마포경찰서,16448.0,15429.5,0.9380775778210116
20244,3110511,연희초등학교,155535.8,151771.5,0.9757978548990008
20244,3110510,홍연시장,116904.0,126215.0,1.0796465475946075
20244,3110509,연희대우아파트앞,125146.6,138486.0,1.106590191023967
20244,3110445,덕산중학교,67520.4,77012.0,1.140573811766518
20244,3110435,서울과학기술대,18450.8,16789.0,0.9099334446202876
20244,3110436,상계제일중학교,75258.6,77944.5,1.0356889445192974
20244,3110437,당고개역 2번,208337.2,232741.5,1.1171384659100727
20244,3110438,경춘선숲길 우측,227054.4,241452.0,1.063410354522969
20244,3110439,당고개역 5번,122398.6,130209.5,1.0638152723969063
20244,3110440,상계3동4동주민센터,30573.0,32182.5,1.052644490236483
20244,3110441,영신여고,87004.8,96839.0,1.113030545441171
20244,3110442,화랑대철도공원,17135.0,19885.5,1.1605194047271663
20244,3110443,수색역 1번,33201.6,35721.5,1.0758969447255555
20244,3110444,수색성당,27368.4,29278.5,1.0697921690708991
20244,3110446,내를건너서숲으로도서관,16692.4,16342.5,0.9790383647648032
20244,3110433,공릉역 2번,197451.2,205323.5,1.0398695981589374
20244,3110447,구산초등학교,47715.6,52295.5,1.095983284292768
20244,3110448,상신초등학교입구,45596.6,51747.0,1.1348872503651588
20244,3110449,증산역 3번,146491.8,148832.0,1.015974955594784
20244,3110450,시립서북병원,257303.8,271328.5,1.054506385059218
20244,3110451,증산역 4번,98225.4,103143.0,1.050064443616417
20244,3110452,새절역 3번,97084.0,103224.0,1.0632442008981913
20244,3110453,신사1동주민센터,122819.4,131333.5,1.069322110350645
20244,3110454,선정중학교,187673.2,192805.0,1.027344341120629
20244,3110455,역촌노인복지관,212498.8,223534.0,1.0519306461965905
20244,3110456,구산보건지소,217408.0,231800.0,1.0661981159846925
20244,3110434,태릉입구역 4번,67900.8,71686.0,1.0557460295018617
20244,3110432,대진고등학교,46626.6,44949.0,0.964020537633025
20244,3110508,서연중학교,108142.0,111974.5,1.0354395147121378
20244,3110419,수락산디자인거리,108364.4,120365.0,1.110743011542536
20244,3110409,창동역 2번,73698.6,84908.0,1.1520978688876042
20244,3110410,방학역 2번,83529.8,84621.0,1.0130636012536842
20244,3110411,도봉역 3번,94098.6,96819.5,1.02891541425696
20244,3110412,창동중학교,20582.0,21061.5,1.02329705567972
20244,3110413,누원고등학교,11715.0,12522.5,1.0689287238583014
20244,3110414,장석교회,23520.0,25284.0,1.075
20244,3110415,수락산역 4번,257269.2,290058.5,1.1274513233608998
20244,3110416,노원초등학교,120207.4,132439.0,1.1017541349367843
20244,3110417,월계역 3번,51853.4,50309.5,0.97022567469057
20244,3110418,광운대학교 남단,142634.4,115716.0,0.8112769430095406
20244,3110420,광운대역 1번,67483.2,64353.0,0.9536151219859166
20244,3110431,상계역,70099.6,80905.5,1.15415066562434
20244,3110421,석계역 1번,53302.8,56377.5,1.057683648888989
20244,3110422,노원역 9번,115353.4,122902.0,1.0654389034046678
20244,3110423,석계역 2번,40296.0,43465.5,1.078655449672424
20244,3110424,상계초등학교,320842.0,338359.5,1.0545985251307497
20244,3110425,계상초등학교,85096.0,96539.0,1.134471655541976
20244,3110426,상계2동주민센터,214147.4,248662.5,1.1611744994335678
20244,3110427,노원 을지대학교병원,13219.2,12502.0,0.9457455821834906
20244,3110428,상계5동주민센터,465995.8,499631.0,1.0721791913146
20244,3110429,공릉동 국수거리,261617.0,264648.5,1.0115875497387403
20244,3110430,중계초등학교,12608.0,12325.5,0.9775935913705583
20244,3110457,예일여고,110298.6,109740.0,0.9949355658186052
20244,3110458,선일여고,107240.8,101888.0,0.9500861612371412
20244,3110459,응암역 2번,183651.0,199083.0,1.0840289462077528
20244,3110496,모래내우체국,126099.8,132629.5,1.0517820012402874
20244,3110486,은평구청,85115.0,78074.0,0.9172766257416436
20244,3110487,불광역 8번,22996.0,24503.0,1.0655331361975997
20244,3110488,우리은행응암동지점,46446.4,49628.5,1.068511230149161
20244,3110489,불광역 3번,63390.0,63867.5,1.0075327338696956
20244,3110490,녹번동근린공원,71346.2,72265.0,1.0128780509683768
20244,3110491,불광중학교,13621.8,14466.0,1.0619741884332468
20244,3110492,하나고등학교,1896.4,2059.5,1.0860050622231596
20244,3110493,북가좌초등학교,37339.2,39817.5,1.0663726057333849
20244,3110494,증산3교남측,31331.6,33147.5,1.0579574614765923
20244,3110495,북가좌2동주민센터,160558.4,172058.5,1.0716256514763476
20244,3110497,가좌역 3번,11161.2,12344.5,1.1060190660502454
20244,3110460,구산역 4번,191713.8,207502.5,1.0823555737771615
20244,3110498,증산역 1번,284179.8,305652.0,1.0755585020469436
20244,3110499,연가초등학교,264464.2,271059.0,1.0249364564277508
20244,3110500,남가좌동현대아파트,28378.8,33150.5,1.1681431209212512
20244,3110501,연희어린이공원,33289.4,35729.0,1.0732845890884184
20244,3110502,남가좌파출소,254195.0,269510.0,1.0602490214205629
20244,3110503,명지대학교교회,245058.2,226363.0,0.923711183710645
20244,3110504,명지전문대,15891.8,15314.5,0.9636730892661624
20244,3110505,홍남교남측,3499.8,4044.5,1.155637464998
20244,3110506,연희임광아파트,30006.0,32650.5,1.088132373525295
20244,3110507,명지대학교,236604.4,224907.0,0.9505613589603574
20244,3110485,연신내우체국,50317.6,49298.5,0.9797466492837495
20244,3110484,역촌역 3번,175445.6,190905.0,1.088115062446707
20244,3110483,연천초등학교,87403.2,89987.5,1.0295675673201896
20244,3110482,연신초등학교,42684.6,41546.5,0.9733369880472116
20244,3110461,새절역 2번,35652.2,34986.0,0.9813139161117688
20244,3110462,갈현건영아파트,111081.2,122019.0,1.0984667072375884
20244,3110463,응암3동주민센터,106120.4,107606.5,1.0140039049984737
20244,3110464,연신내역 5번,79499.6,84242.5,1.059659419670036
20244,3110465,연신내역 7번,171836.8,175166.0,1.0193741969124193
20244,3110466,구산역 2번,131299.8,140757.5,1.0720313359197806
20244,3110467,은평요양병원,36623.4,40499.0,1.1058230530207462
20244,3110468,응암역 3번,335639.8,368300.5,1.097308781616483
20244,3110469,응암정보도서관,186699.0,193577.0,1.0368400473489414
20244,3110470,신진과학기술고등학교,105575.8,113500.5,1.0750617092174533
20244,3110471,응암동우체국,185484.4,193147.0,1.041311290868666
20244,3110472,연신내역 4번,205583.6,218699.5,1.0637983769133337
20244,3110473,구산역 1번,247684.0,256127.5,1.0340898079811374
20244,3110474,세명컴퓨터고등학교,128094.6,137016.0,1.0696469640406387
20244,3110475,백련산해모로아파트,58548.8,64232.5,1.0970762850818463
20244,3110476,역촌역 2번,17812.8,18594.0,1.043856103476152
20244,3110477,은평세무서,56419.6,58479.5,1.0365103616473708
20244,3110478,응암1동주민센터,45394.6,47816.5,1.0533521608297025
20244,3110479,연신내역 2번,173243.8,184963.0,1.0676457108421773
20244,3110480,연신내역 3번,35067.8,38414.5,1.0954351285224622
20244,3110481,불광역 7번,529329.6,542861.0,1.0255632785319393
20244,3110612,신정역 5번,292150.2,306133.0,1.0478616821073543
20244,3110613,신정네거리역 4번,32541.2,34586.5,1.0628526298968692
20244,3110614,목동로데오거리,72025.0,75400.0,1.0468587296077752
20244,3110755,동일여자고등학교,35906.2,35818.0,0.9975435997125844
20244,3110745,독산동정훈단지,54158.2,60897.0,1.1244280644482276
20244,3110746,금천금빛공원(은행나무사거리서측),26997.4,29476.5,1.0918273611532965
20244,3110747,석수역 1번 출입구,20618.8,21424.5,1.039075988903331
20244,3110748,백산초등학교,58224.4,58442.0,1.0037372647893323
20244,3110749,금산초등학교(금천고등학교),75881.0,74343.0,0.9797314215679814
20244,3110750,시흥4동주민센터(서울신흥초등학교),95046.2,104262.5,1.0969665278569791
20244,3110751,난곡중학교,148691.6,155948.0,1.048801680794342
20244,3110752,한울중학교,103615.8,114794.5,1.1078860559876005
20244,3110753,시흥동 은행나무사거리,131585.4,143486.0,1.0904401248162792
20244,3110754,삼성산자연공원(서울금천초등학교),179088.8,181595.5,1.0139969668678332
20244,3110756,문래중학교,38930.6,36675.0,0.942061000857937
20244,3110743,시흥초등학교(시흥1동우체국),115104.2,124399.0,1.0807511802349523
20244,3110757,양평역 2번,33402.0,28377.5,0.8495748757559427
20244,3110758,문래소공원,47517.0,40722.0,0.8569985478881242
20244,3110759,문래예술촌(문래창작촌),508329.0,478205.0,0.9407391669568332
20244,3110760,선유도역 6번,114110.6,77540.5,0.6795205703939862
20244,3110761,문래동남성맨션,25462.4,27053.5,1.062488217921327
20244,3110762,선유도역 1번,256083.4,233929.0,0.9134875591311268
20244,3110763,영등포구청역 2번,80227.6,67759.5,0.8445908889210196
20244,3110764,문래역 3번,10880.8,7928.5,0.7286688478788325
20244,3110765,문래동사거리,44878.4,46985.5,1.0469513173375165
20244,3110766,대림역 5번,171899.0,182261.5,1.0602824914630102
20244,3110744,독산동성당,236086.0,256444.5,1.0862334064705237
20244,3110742,KT금천빌딩(금천구시설관리공단),10253.4,9327.5,0.9096982464353288
20244,3110717,남구로역 2번,407749.8,383203.5,0.939800583593174
20244,3110729,가산동우체국,98329.6,104944.5,1.0672727235745898
20244,3110719,영서중학교,46647.4,29652.5,0.6356731564888932
20244,3110720,대림역 2번,118817.8,127250.5,1.070971689427005
20244,3110721,가리봉파출소,162425.4,147389.0,0.9074258090175552
20244,3110722,G타워,52543.6,42409.0,0.8071201820963924
20244,3110723,가산디지털단지역 1번 출입구,47710.8,33872.5,0.70995455955465
20244,3110724,금천구립가산도서관,84262.0,90844.0,1.0781135031212172
20244,3110725,가산동주민센터,37659.0,31925.0,0.8477389203112138
20244,3110726,금천철쭉어린이공원(금하마을),40321.4,43717.5,1.0842257461298466
20244,3110727,독산역 1번 출입구,72741.2,74103.0,1.0187211648969223
20244,3110728,두산초등학교,30323.4,28054.0,0.925160107375822
20244,3110730,서울축산농협 독산역지점(독산파출소),82690.8,84767.0,1.0251079926666569
20244,3110741,독산2동주민센터,23158.4,24719.0,1.067388075169269
20244,3110731,금천구청역 1번 출입구,50570.8,48791.0,0.9648057772469488
20244,3110732,가산초등학교(세일중학교),73459.0,75276.5,1.0247416926448767
20244,3110733,금천어울림복지센터,38402.0,36863.0,0.9599239622936304
20244,3110734,금천파출소,4939.6,5478.0,1.1089966798931086
20244,3110735,말미고개,146258.0,159299.5,1.0891677720193085
20244,3110736,독산119안전센터,116872.0,127103.5,1.087544493120679
20244,3110737,금천세무서,102108.4,103728.5,1.0158664713187162
20244,3110738,문성초등학교,88722.8,96633.0,1.089156338618709
20244,3110739,시흥3동 우편취급국,3462.6,2902.0,0.8380985386703633
20244,3110740,금천해태공원,196729.0,209307.0,1.0639356678476484
20244,3110767,도림동주민센터,32166.0,35161.5,1.093126282409998
20244,3110768,도림2동유수지내체육시설,35511.0,40105.0,1.129368364732055
20244,3110769,대림차이나타운(대림역 12번),80951.2,91086.5,1.1252025911907422
20244,3110806,서울시립영등포장애인복지관,4520.8,3020.5,0.6681339585913997
20244,3110796,한림대학교한강성심병원,15475.6,16649.5,1.0758548941559616
20244,3110797,KT대방빌딩,46828.2,49878.5,1.065138100546252
20244,3110798,신풍역 2번,21537.0,21491.0,0.9978641407809816
20244,3110799,영등포본동주민센터,20702.2,24273.5,1.1725082358396692
20244,3110800,영등포동성당,22949.8,20523.0,0.8942561590950684
20244,3110801,신풍역 6번(신길6동공영주차장),4807.6,5253.5,1.092748980780431
20244,3110802,신길동홍어거리,78855.8,76503.5,0.970169600714215
20244,3110803,신길2동우편취급국,180047.8,194687.0,1.0813072972843878
20244,3110804,신풍역 1번,150599.2,165181.5,1.096828535609751
20244,3110805,신길새마을금고신길4동지점,34765.8,39878.0,1.1470468103711118
20244,3110807,신길역 3번,66444.8,69984.5,1.053272791851281
20244,3110770,영등포구청역 6번,114183.6,118030.5,1.033690477441594
20244,3110808,신길역 1번,75499.8,77624.5,1.0281417964021096
20244,3110809,장훈고등학교,59898.4,57650.5,0.9624714516581412
20244,3110810,영신초등학교,221240.0,228032.0,1.030699692641475
20244,3110811,보라매역 4번,80667.0,78994.5,0.979266614600766
20244,3110812,신길6동주민센터,77870.0,80961.0,1.03969436239887
20244,3110813,보라매역 6번,214365.2,196005.5,0.914353169264414
20244,3110814,서울지방병무청,179058.0,196545.0,1.0976610930536477
20244,3110815,공군호텔,178090.6,184763.5,1.037469130880574
20244,3110816,대방역 6번,118310.2,115034.0,0.9723083893020212
20244,3110817,대방역 4번,51759.0,51443.0,0.9938947815838792
20244,3110795,도림초등학교,146247.2,153566.0,1.050044035031098
20244,3110794,영동초등학교,143545.0,145956.5,1.016799609878435
20244,3110793,대림썬프라자,4511.6,5122.5,1.1354065076691195
20244,3110792,영등포역 2번,255395.0,296801.0,1.1621253352649816
20244,3110771,대림역 11번,47831.0,55048.5,1.1508958625159416
20244,3110772,신우어린이공원,49377.8,53461.0,1.0826930320913446
20244,3110773,당산역 13번,11762.2,10000.5,0.8502235976262944
20244,3110774,당산반도유보라팰리스아파트,83012.0,85625.5,1.0314833999903628
20244,3110775,대동초등학교,25057.0,27236.5,1.0869816817655744
20244,3110776,도신초등학교,96577.4,102653.0,1.062909127808369
20244,3110777,구로세무서,47118.2,35105.5,0.745051805883926
20244,3110778,구로디지털단지역 4번,161124.8,176418.5,1.0949183490064844
20244,3110779,대림갑을명가아파트,16953.6,18368.5,1.083457200830502
20244,3110780,신길대성유니드아파트,45271.0,45396.0,1.002761149521769
20244,3110781,대림한신아파트,174647.4,197323.5,1.1298393219710114
20244,3110782,영등포시장역 4번,28220.8,29019.5,1.0283018199342329
20244,3110783,영등포시장역 1번,32627.4,22064.5,0.6762567657858118
20244,3110784,신대림초등학교,25025.2,27796.0,1.110720393843006
20244,3110785,영등포푸르지오아파트,163237.6,186077.0,1.139915068587139
20244,3110786,당산역 8번,69448.0,66679.5,0.960135641055178
20244,3110787,신길3동주민센터,240108.0,276782.0,1.1527396005131023
20244,3110788,영등포시장역 3번,15967.0,15495.0,0.9704390305004073
20244,3110789,대림성모병원,72719.6,78938.5,1.0855188972436591
20244,3110790,대림1동주민센터,71253.0,77605.0,1.0891471236298822
20244,3110791,신풍역 3번,16896.6,18144.0,1.0738255033557047
20244,3110718,한국SGI본부,152189.8,155247.5,1.0200913596049144
20244,3110716,구로나눔길,55001.0,59363.5,1.0793167396956418
20244,3110615,신서초등학교,41130.4,38836.0,0.9442164433120028
20244,3110652,양천향교역 2번,53417.8,50776.0,0.9505445750292972
20244,3110642,정곡초등학교,2235.2,2932.5,1.311963135289907
20244,3110643,강서구다솔마을,75238.8,75154.0,0.998872921949845
20244,3110644,신광명마을,12222.0,11207.0,0.9169530355097364
20244,3110645,우장산역 4번,192977.2,178196.5,0.923407013885578
20244,3110646,푸른들청소년도서관,235533.0,251439.0,1.0675319381997428
20244,3110647,화곡역 5번,333476.6,349080.0,1.0467900896194815
20244,3110648,양천향교역 7번,21117.4,13127.5,0.6216437629632435
20244,3110649,우장산역 1번,145154.8,143135.5,0.9860886446745132
20244,3110650,우장산힐스테이트,9580.6,9693.0,1.0117320418345406
20244,3110651,화원중학교,67304.4,72250.0,1.073481079988827
20244,3110653,화곡역 2번,161088.8,171261.0,1.0631465378102016
20244,3110640,방화역 1번,58388.4,63885.0,1.0941385617691184
20244,3110654,까치산역 4번,373993.0,405216.5,1.0834868567058742
20244,3110655,발산역 5번,55578.8,51115.0,0.9196852037107672
20244,3110656,까치산역 3번,818543.4,874746.5,1.0686623336038137
20244,3110657,양천향교역 5번,103531.2,95956.5,0.9268365478232647
20244,3110658,화곡초등학교,88952.2,100941.0,1.13477800436639
20244,3110659,화곡역 4번,629155.8,664538.0,1.0562375805801996
20244,3110660,등촌3동주민센터,127328.2,123723.5,0.9716896963909016
20244,3110661,강서새말어린이공원,38194.2,42289.0,1.1072099952348786
20244,3110662,까치산역 1번,266382.8,291951.5,1.0959848008204731
20244,3110663,우장산롯데캐슬아파트앞,29478.2,33667.5,1.1421151902083573
20244,3110641,공항고등학교,48447.6,53045.0,1.0948942775287114
20244,3110639,신방화역 8번,76428.6,82872.0,1.0843061367079865
20244,3110715,구로구민회관,44556.6,41917.0,0.9407584959355068
20244,3110626,양화초등학교,196702.0,213632.0,1.0860692824678957
20244,3110616,양목초등학교,31949.0,29176.5,0.913221071082037
20244,3110617,등촌역 4번,67678.2,75860.0,1.120892695136691
20244,3110618,강서고등학교,224957.8,237991.0,1.057936199589434
20244,3110619,목4동주민센터,51212.2,57306.0,1.118991177883395
20244,3110620,목동보건지소,275770.6,293202.5,1.0632115968852374
20244,3110621,목동역 5번,26228.2,28064.0,1.0699933659191252
20244,3110622,달마을공원,63759.6,67539.5,1.0592836216036488
20244,3110623,갈산공원,12288.8,13140.0,1.069266323807044
20244,3110624,목동문화체육센터,61103.2,68852.0,1.1268149622278376
20244,3110625,신정2동주민센터,136552.8,142463.0,1.043281426671588
20244,3110627,신정롯데캐슬아파트,200884.8,213024.0,1.060428663592268
20244,3110638,신방화역 2번,319432.2,330692.0,1.0352494206908385
20244,3110628,신목동역,54230.6,55603.0,1.0253067456380716
20244,3110629,송정역 4번,28625.4,29132.0,1.0176975692916082
20244,3110630,공항시장역 1번,205565.6,212105.0,1.0318117428207831
20244,3110631,방화초등학교,85891.2,85264.5,0.9927035598524644
20244,3110632,방화역 3번,71635.4,70893.0,0.9896364088146364
20244,3110633,개화산역 1번,10111.0,10966.0,1.0845613688062503
20244,3110634,송정역 3번,234025.2,244941.5,1.0466458313036373
20244,3110635,공항시장역 3번,29295.6,31081.0,1.0609443056295145
20244,3110636,방화역 2번,72802.8,74122.0,1.0181201821907948
20244,3110637,송정역 2번,40301.0,41009.5,1.017580208927818
20244,3110664,강서구청옆,40496.2,43416.0,1.0721005921543256
20244,3110665,곰달래도서관,449720.4,446877.5,0.9936785166961516
20244,3110666,KC대학교,30079.6,31664.0,1.052673572786872
20244,3110703,개봉역,89148.6,98958.5,1.1100398660214517
20244,3110693,오류동역 4번,23929.6,24922.0,1.0414716501738432
20244,3110694,세곡초등학교,270125.0,284487.5,1.053169828782971
20244,3110695,개봉1동주민센터,189464.6,208170.5,1.098730316903527
20244,3110696,오류동역 1번,119469.6,134977.0,1.1298020584316009
20244,3110697,개봉3동주민센터,58064.6,69854.5,1.2030479844862447
20244,3110698,개웅초등학교(개웅중학교),97383.8,101583.0,1.0431201082726285
20244,3110699,덕의초등학교,61083.2,67799.0,1.109945124027556
20244,3110700,고척초등학교,150584.6,168829.0,1.1211571435591687
20244,3110701,고척동성당,93202.2,97110.5,1.041933559508252
20244,3110702,개봉초등학교,217823.2,228522.5,1.049119193915065
20244,3110704,고척중학교,7066.2,7246.0,1.0254450765616598
20244,3110667,가양역 10번,6257.2,5596.0,0.8943297321485649
20244,3110705,고산초등학교,4878.8,5215.5,1.0690128720177092
20244,3110706,그라운드 고척,39200.6,43432.0,1.1079422253741014
20244,3110707,구로창업지원센터,122103.2,122032.5,0.999420981595896
20244,3110708,화원어린이공원,65154.2,71110.0,1.0914108376743172
20244,3110709,구로119안전센터,170616.2,169134.5,0.9913155960571152
20244,3110710,남구로역 3번,335540.2,351633.5,1.0479623603967572
20244,3110711,구로초등학교,179566.4,179667.0,1.0005602384410446
20244,3110712,남구로역 5번,329076.0,330574.0,1.0045521399312014
20244,3110713,구로보건소,398228.0,432164.5,1.0852187691473227
20244,3110714,구로4동주민센터,202970.8,220740.5,1.0875480611004145
20244,3110692,큰굴다리,113213.0,127995.5,1.1305724607598069
20244,3110691,개봉중학교,66492.8,67797.0,1.019614153712883
20244,3110690,오류2동버들시장,194665.6,209246.5,1.0749022939851725
20244,3110689,오류동역 3번,132341.0,147758.0,1.1164945103936044
20244,3110668,화곡2동주민센터,245613.6,265462.0,1.080811486008918
20244,3110669,화곡보람2차아파트,9086.8,9437.5,1.0385944446889994
20244,3110670,신곡초등학교,193588.2,204780.0,1.057812407987677
20244,3110671,등촌1동주민센터,243417.2,244751.5,1.0054815354050577
20244,3110672,백석중학교,121727.2,121067.0,0.9945763970583404
20244,3110673,뜸부기어린이공원,95788.2,108847.5,1.1363351644565824
20244,3110674,강서구청가양동별관,9577.0,8224.5,0.8587762347290383
20244,3110675,화곡4동주민센터,248926.4,247038.0,0.9924138219168396
20244,3110676,등촌역 7번,28328.0,27372.5,0.966270121434623
20244,3110677,등촌역 1번,38191.0,36715.5,0.9613652431201068
20244,3110678,염창무학아파트,22143.6,23657.5,1.0683673838038985
20244,3110679,염창역 2번,28751.4,31023.0,1.0790083265510548
20244,3110680,온수역 5번(온수산업단지),28848.0,27812.5,0.964104963948974
20244,3110681,온수역 1번,4035.2,3676.5,0.911107256145916
20244,3110682,온수역 8번,2226.2,2092.0,0.9397179049501392
20244,3110683,오류고등학교,38305.2,39232.0,1.0241951484393763
20244,3110684,서울공연예술고등학교,10186.6,10469.0,1.027722694520252
20244,3110685,금강수목원아파트,10005.0,11332.5,1.1326836581709143
20244,3110686,수궁동주민센터,108217.4,126926.5,1.172884397518329
20244,3110687,"천왕역 3번(오류2동주민센터, 서울오류남초등학교)",29689.6,29119.0,0.980781148954516
20244,3110688,오류지구대,81592.0,90570.5,1.1100414256299638
20244,3110407,도봉역 2번,146170.4,152391.0,1.0425571798394204
20244,3110405,방학역 1번,157882.0,168324.0,1.0661380017988118
20244,3110819,신대방역 4번,126064.2,135519.0,1.0749998810130077
20244,3110134,성수119안전센터,214873.8,222653.0,1.0362035762387038
20244,3110124,뚝섬역교차로,35606.8,31735.5,0.8912763854095285
20244,3110125,사근동살곶이상점가,157380.8,148207.0,0.9417095350894138
20244,3110126,서울숲역 1번,46535.0,37146.5,0.7982486300633932
20244,3110127,성수1가1동주민센터,24911.0,20783.0,0.8342900726586648
20244,3110128,성원중학교,166935.2,169706.0,1.016598057210223
20244,3110129,성원어린이공원,26597.8,20138.0,0.7571302889712683
20244,3110130,답십리역 6번,71258.2,76021.0,1.0668386234847358
20244,3110131,성수동카페거리,160586.2,124505.5,0.7753188007437749
20244,3110132,성수2가3동주민센터,85004.4,68691.0,0.8080875813487303
20244,3110133,서울교통공사,57244.2,54196.5,0.9467596717222008
20244,3110135,성동세무서,28401.4,21565.0,0.7592935559514672
20244,3110122,마장역 2번,34766.0,35984.0,1.035034228844273
20244,3110136,경수초등학교,146914.2,127330.0,0.8666963438523981
20244,3110137,성수초등학교,256193.4,184603.5,0.72056305900152
20244,3110138,송정체육공원,163731.2,164547.0,1.004982556775984
20244,3110139,자양4동주민센터,283892.6,287520.0,1.0127773672156302
20244,3110140,건대입구역 6번,309815.8,343471.5,1.1086313222243669
20244,3110141,건대입구역 1번,257778.0,278285.5,1.0795548883147514
20244,3110142,화양사거리,270348.0,284761.5,1.0533146167162324
20244,3110143,뚝섬유원지역 1번,26249.8,28259.0,1.076541535554557
20244,3110144,어린이대공원역 4번,54751.8,57259.5,1.045801233932035
20244,3110145,장안초등학교,45541.8,38839.5,0.852831903877317
20244,3110123,마장역 3번,116437.6,113978.5,0.9788805334359348
20244,3110121,한양대역 4번,29750.6,25807.0,0.8674446901911222
20244,3110147,능동우편취급국,131720.0,136293.5,1.0347213786820528
20244,3110108,성동구립금호도서관,14255.2,16258.5,1.140531174588922
20244,3110098,서울독일학교,14023.4,12562.0,0.8957884678465993
20244,3110099,유엔빌리지길,33876.0,35659.0,1.0526331326012517
20244,3110100,옥수동우편취급국,11999.2,12584.0,1.0487365824388293
20244,3110101,옥정중학교,26879.0,26032.5,0.9685070129097064
20244,3110102,옥수역 6번,55883.8,55187.5,0.9875402173796342
20244,3110103,옥수터널,45316.4,47844.0,1.0557767165970815
20244,3110104,신금호역 4번,132899.2,136218.0,1.0249723098408416
20244,3110105,금동어린이공원,106853.8,116973.0,1.0947013583045244
20244,3110106,금북초등학교,22605.0,23725.5,1.0495686794956869
20244,3110107,금호사거리,8790.0,10144.0,1.1540386803185438
20244,3110109,금호삼성래미안아파트,51689.6,57885.0,1.1198577663591902
20244,3110120,서울숲카페거리,59600.4,64922.5,1.0892963805612044
20244,3110110,상왕십리역 6번,146728.2,165284.0,1.1264637608857735
20244,3110111,대현산장미원,68236.0,73981.5,1.084200422064599
20244,3110112,행당역 2번,127233.4,131964.0,1.0371804887710303
20244,3110113,응봉산,24546.6,24409.5,0.9944147050915404
20244,3110114,왕십리파출소,57573.0,59407.5,1.031863894533896
20244,3110115,상왕십리역 3번,114586.6,114900.0,1.0027350492989582
20244,3110116,청계천박물관,76361.6,70826.5,0.9275146146754388
20244,3110117,성동구보건소,69649.6,71744.0,1.0300705244538375
20244,3110118,왕십리역 9번,223893.6,214515.5,0.9581135860962527
20244,3110119,마장지하차도,23240.8,23712.0,1.0202746893394377
20244,3110146,신자초등학교,195370.6,204830.5,1.0484202843211825
20244,3110148,어린이대공원역 3번,112174.2,108590.5,0.9680523685482044
20244,3110404,신창초등학교,410420.0,437873.0,1.0668900151064762
20244,3110186,종암초등학교,21704.8,21473.5,0.9893433710515648
20244,3110176,해오름공원,187724.6,207073.0,1.10306800493915
20244,3110177,동의초등학교,15642.6,18081.5,1.1559139784946235
20244,3110178,장로회신학대학교,51056.8,52725.5,1.0326832077215964
20244,3110179,광나루역 1번,58881.6,54984.0,0.933806146572104
20244,3110180,광진정보도서관,38475.2,37233.5,0.9677272632760844
20244,3110181,신설동역 9번,181124.0,170130.5,0.9393040127205672
20244,3110182,용두희망어린이공원,134522.6,122080.0,0.907505504651263
20244,3110183,한국의류시험연구원,106687.2,89102.0,0.8351704796826611
20244,3110184,용두사거리,51432.4,48449.0,0.9419937626865555
20244,3110185,용두초등학교,100678.4,100646.0,0.9996781832051364
20244,3110187,제기동역 6번,373161.6,380697.0,1.0201933961050655
20244,3110174,아차산역 1번,96482.8,106246.5,1.101196275398309
20244,3110188,용두동신동아아파트,122585.8,115684.0,0.943698209743706
20244,3110189,제기동역 1번,143912.0,135693.0,0.9428887097670798
20244,3110190,고대앞사거리,149265.2,148829.0,0.997077684550719
20244,3110191,고려대역 6번,239617.4,217837.5,0.9091055157096272
20244,3110192,동의보감타워,35318.0,34860.5,0.9870462653604396
20244,3110193,고려대역 4번,96955.0,102621.5,1.0584446392656388
20244,3110194,홍파초등학교,49204.4,47494.5,0.9652490427685329
20244,3110195,동대문구청,226841.6,231490.0,1.0204918321859835
20244,3110196,홍릉근린공원,53974.6,54111.5,1.002536378222349
20244,3110197,세종대왕기념관교차로,39366.0,40057.0,1.017553218513438
20244,3110175,푸른동산공원,139862.2,143151.5,1.0235181485776714
20244,3110173,구남초등학교,48515.8,48728.5,1.004384138775409
20244,3110149,세종대학교,27483.8,25712.0,0.9355329321272896
20244,3110160,광진경찰서,67710.2,66885.5,0.9878201511736784
20244,3110150,중곡1동 마을마당,247885.2,258617.5,1.0432954448268794
20244,3110151,자양한강도서관,187722.0,205592.5,1.0951966205346204
20244,3110152,중곡어린이공원,30681.4,32023.0,1.0437268182025592
20244,3110153,중곡1동주민센터,41750.2,41693.5,0.9986419226734244
20244,3110154,광진정말공원,240817.4,260829.0,1.0830986465263723
20244,3110155,광진구청,153825.4,132787.0,0.8632319499900537
20244,3110156,군자역 5번,133077.8,136633.5,1.0267189568808623
20244,3110157,자양동우체국,195880.4,209772.5,1.070921337714238
20244,3110158,중곡3동주민센터,429625.2,470942.5,1.0961705691379369
20244,3110159,구의역 4번,505891.6,514744.5,1.0174995987282651
20244,3110161,중곡역 3번,83595.6,89323.0,1.068513175334587
20244,3110172,광진초등학교,131668.0,132444.0,1.0058936112039372
20244,3110162,군자역 4번,52227.2,54948.0,1.0520954598370198
20244,3110163,성자초등학교,79538.4,79398.0,0.9982348148818684
20244,3110164,아차산역 5번,69730.8,68313.5,0.9796746918148076
20244,3110165,국립정신건강센터,101322.0,98637.0,0.9735003256943212
20244,3110166,구의1동주민센터,255041.4,246653.0,0.9671096535699696
20244,3110167,용마초등학교,222381.0,232360.5,1.044875686322123
20244,3110168,대원고등학교,65924.2,58232.0,0.8833175070763088
20244,3110169,성동초등학교,87070.0,81232.0,0.9329504995980246
20244,3110170,동대부여고,306981.8,323515.5,1.0538588932633792
20244,3110171,중곡4동주민센터,47894.4,49896.0,1.0417919422730006
20244,3110097,한남초등학교,9364.6,7971.5,0.8512376396215535
20244,3110096,한남힐사이드아파트,34565.8,32380.5,0.93677854989614
20244,3110095,한강진역 3번,62597.4,58433.0,0.9334732752478536
20244,3110031,창신역 1번,9480.4,11576.5,1.2210982658959535
20244,3110021,성균관대학교,215877.2,229166.0,1.061557218640968
20244,3110022,경신고등학교,81873.6,76981.5,0.9402481385941256
20244,3110023,서울대병원,119486.4,87933.5,0.735928942540741
20244,3110024,혜회동주민센터,39727.6,38953.5,0.9805148058276866
20244,3110025,충신시장옆,53830.2,43424.5,0.8066940119115292
20244,3110026,종로5가역 4번,40959.2,29518.0,0.720668372429149
20244,3110027,혜화역 1번,51120.2,60583.5,1.1851186028223677
20244,3110028,이화달팽이길,301135.2,295888.5,0.9825769289010384
20244,3110029,동대문역 1번,386660.8,409103.0,1.0580410530366668
20244,3110030,동대문역 3번,19391.8,19638.0,1.0126960880372116
20244,3110032,수족관거리,14624.6,11417.5,0.7807051133022441
20244,3110019,창덕궁,91536.6,66825.0,0.7300358545106547
20244,3110033,창신역 4번,115596.6,118946.5,1.0289792260325996
20244,3110034,창신1동주민센터,39622.8,34922.5,0.881373855456959
20244,3110035,동묘앞역 2번,183583.2,187216.0,1.0197883030691262
20244,3110036,동묘앞역 3번,50349.4,59093.5,1.1736684051845705
20244,3110037,신설동역 12번,135704.6,138974.5,1.0240957196734672
20244,3110038,경향신문사,4825.8,2431.5,0.5038542832276514
20244,3110039,회현역 1번,13449.2,9984.5,0.7423861642328168
20244,3110040,중구회현체육센터(정화예술대남산캠퍼스),23993.4,17875.0,0.7449965407153634
20244,3110041,남산케이블카,45744.0,36897.5,0.8066085169639734
20244,3110042,남산골공원옆,43160.4,29303.0,0.6789325400135309
20244,3110020,서울국제고등학교,278886.8,271229.0,0.9725415473231434
20244,3110018,중앙고등학교,69089.2,57867.5,0.8375766400537277
20244,3110094,오산중학교,7343.4,7934.0,1.0804259607266389
20244,3110005,세검정,13417.0,13426.5,1.0007080569426847
20244,3001491,이태원 관광특구,285335.4,353858.0,1.24014755967889
20244,3001492,명동 남대문 북창동 다동 무교동 관광특구,1214351.4,755022.0,0.6217491905555509
20244,3001493,동대문패션타운 관광특구,551888.6,397638.5,0.7205050077135132
20244,3001494,종로?청계 관광특구,1329741.4,913837.0,0.68722911086321
20244,3001495,잠실 관광특구,592349.6,609875.0,1.0295862443394914
20244,3001496,강남 마이스 관광특구,16414.2,11714.0,0.7136503758940429
20244,3110001,이북5도청사,25030.6,26683.5,1.0660351729483113
20244,3110002,독립문역 1번,73405.8,73066.5,0.9953777494421422
20244,3110003,세검정초등학교,49008.8,46638.5,0.951635216532541
20244,3110004,대신고등학교,103602.8,103559.0,0.9995772315033956
20244,3110006,부암동주민센터,1195.4,1434.0,1.1995984607662706
20244,3110017,정독도서관,64291.0,60660.0,0.9435224214897886
20244,3110007,사직공원(한국사회과학도서관),152486.0,156790.5,1.0282288210065187
20244,3110008,배화여자대학교(박노수미술관),179297.2,176811.0,0.9861336373351062
20244,3110009,자하문터널,23245.6,25209.0,1.084463296279726
20244,3110010,평창동서측,28307.0,29740.5,1.0506411841593952
20244,3110011,청운초등학교,6155.4,6082.0,0.9880755109334892
20244,3110012,성곡미술관,86315.6,71518.0,0.8285640139210061
20244,3110013,체부동홍종문가옥,19891.0,19821.5,0.9965059574682016
20244,3110014,경복고등학교,6125.0,5964.0,0.9737142857142858
20244,3110015,청와대사랑채,8502.8,8487.0,0.998141788587289
20244,3110016,평창동동측,3377.4,3355.5,0.9935157221531355
20244,3110043,충무초등학교,129599.0,104015.5,0.8025949274299956
20244,3110044,관성묘,28953.0,22770.5,0.7864642696784444
20244,3110045,동대문역사문화공원역 5번,63395.6,42544.0,0.6710875833654071
20244,3110082,용산구청,46910.0,56235.5,1.1987955659774034
20244,3110072,열정도,31938.6,35164.5,1.1010031748417275
20244,3110073,삼각지역 3번,37241.4,35874.5,0.9632962240946904
20244,3110074,서울역 12번,72435.2,72996.0,1.0077420922424456
20244,3110075,숙대입구역 1번,120290.8,114655.5,0.9531526933065536
20244,3110076,삼각지역 14번,10647.4,12832.5,1.2052238105077295
20244,3110077,삼광초등학교,80062.0,82836.0,1.0346481476855438
20244,3110078,이촌동점보아파트,14951.0,15306.5,1.0237776737341984
20244,3110079,후암동주민센터,292403.0,302140.0,1.0332999319432428
20244,3110080,해방촌예술마을,233717.2,255359.0,1.0925982341051492
20244,3110081,해방촌 남동측,236615.4,252682.5,1.0679038642455223
20244,3110083,서빙고역 1번,11580.0,11300.5,0.9758635578583764
20244,3110046,버티고개,95663.0,90534.5,0.9463899313214096
20244,3110084,경리단길북측,139498.6,151936.5,1.089161468287137
20244,3110085,경리단길남측,174734.0,184418.0,1.0554213833598498
20244,3110086,이태원역 북측,59603.2,76280.5,1.2798054466874262
20244,3110087,이태원엔틱가구거리,27804.0,30845.5,1.1093907351460222
20244,3110088,오산고등학교,47282.8,50316.0,1.0641501772314668
20244,3110089,서빙고동주민센터,65312.6,67786.0,1.037870181251397
20244,3110090,한국폴리텍대학서울정수캠퍼스,86985.4,86164.5,0.9905627840994008
20244,3110091,리움미술관,35383.8,35496.0,1.003170942634765
20244,3110092,NH농협은행 보광동지점,58652.4,58723.0,1.0012037018093036
20244,3110093,우사단길,212623.2,218430.0,1.0273102841082251
20244,3110071,한강미주맨션아파트,10474.4,12217.0,1.1663675246314824
20244,3110070,용산세무서,7814.8,7449.0,0.9531913804575932
20244,3110069,숙대입구,360413.2,336271.5,0.9330166042753152
20244,3110068,남영역 1번,255394.0,237925.0,0.931599802657854
20244,3110047,다산성곽길,69346.6,56526.0,0.815122875526702
20244,3110048,장충동주민센터,150437.8,136442.0,0.9069662013137656
20244,3110049,장충단 고개,88740.8,73218.5,0.8250827127995239
20244,3110050,약수역 7번,57290.4,59772.0,1.043316157680868
20244,3110051,한양공고앞 교차로,136659.2,124260.5,0.9092728480775534
20244,3110052,장충초등학교,91078.0,77978.5,0.8561727310656799
20244,3110053,청구역 1번,131421.6,123691.0,0.9411770972199396
20244,3110054,청구역 3번,137172.6,132539.5,0.966224304270678
20244,3110055,황학동벼룩시장,67083.6,76228.0,1.1363134953997698
20244,3110056,신당역 3번,211693.8,229562.5,1.084408234912879
20244,3110057,황학코아루아파트,117995.2,119107.5,1.0094266546435788
20244,3110058,성심여자고등학교,231984.6,214406.5,0.9242272978464948
20244,3110059,새남터성지,88198.2,93841.0,1.063978629949364
20244,3110060,효창공원앞역 6번,94393.2,107069.5,1.1342925125962464
20244,3110061,효창동주민센터,172065.2,180390.5,1.0483845658506197
20244,3110062,한강로동땡땡거리(은행나무길),112191.6,107226.5,0.9557444585869174
20244,3110063,효창공원앞역 5번,110083.4,103686.5,0.9418904212624248
20244,3110064,효창공원앞역 2번,201757.6,187705.0,0.9303490921779404
20244,3110065,남정초등학교,9933.4,7505.5,0.7555821773008236
20244,3110066,서울역 15번,225572.4,218765.0,0.9698216625792871
20244,3110067,배문고등학교,272863.2,278818.5,1.021825222309201
20244,3110198,동대문중앙새마을금고본점,43854.2,42420.0,0.9672961768770152
20244,3110199,홍릉시장,51434.6,54784.0,1.0651195887593177
20244,3110200,동대문경찰서,47507.4,55158.5,1.1610506994699772
20244,3110341,북한산우이역 2번,34848.0,44683.0,1.282225665748393
20244,3110331,돌곶이역 8번,193381.4,175746.0,0.9088050867353324
20244,3110332,돌곶이역 3번,36048.6,31680.0,0.878813601637789
20244,3110333,돌곶이역 5번,98381.4,98636.0,1.0025878875478496
20244,3110334,석관중앙교회,278816.0,295311.0,1.059160880293814
20244,3110335,석계역 7번,219903.2,238314.0,1.0837222923540903
20244,3110336,석관고등학교,48876.6,50184.0,1.02674899645229
20244,3110337,아카데미하우스,70803.2,78940.0,1.114921359486577
20244,3110338,인수초등학교,22864.6,23390.5,1.0230006210473834
20244,3110339,국립4.19민주묘지,3909.4,4028.0,1.030337136133422
20244,3110340,인수중학교,42090.2,42359.0,1.0063862846933491
20244,3110342,국립재활원,122314.8,134414.5,1.0989226160693557
20244,3110329,우리은행체육관,111732.8,113786.0,1.018375982701588
20244,3110343,무너미어린이공원,97270.0,102931.0,1.0581988280045236
20244,3110344,화계중학교,53197.8,40951.0,0.7697874724142727
20244,3110345,솔밭공원역 2번,72481.8,76202.0,1.051325988041136
20244,3110346,4.19민주묘지역 2번,135013.8,138169.0,1.0233694629734147
20244,3110347,구세군강북종합사회복지관,24419.8,27050.0,1.1077076798335777
20244,3110348,강북문화예술회관,305570.0,319731.5,1.0463445364400956
20244,3110349,화계역 2번,68700.4,71078.0,1.0346082410000526
20244,3110350,가오리역 2번,93639.0,98031.5,1.0469088734394856
20244,3110351,수유북부시장옆,74330.6,74327.0,0.9999515677258086
20244,3110352,수유1동주민센터,195624.8,206440.5,1.055287979847136
20244,3110330,돌곶이역 1번,110346.2,102883.0,0.9323655912029596
20244,3110328,상월곡역 3번,137355.8,140104.0,1.020007891912828
20244,3110303,성신여대입구역 1번,184616.2,173929.0,0.9421112556752874
20244,3110315,종암아이파크2차,207492.8,211419.0,1.0189221023572868
20244,3110305,보문역 5번,302474.0,274343.5,0.9069986180630402
20244,3110306,미아초등학교,27746.0,30382.5,1.095022705975636
20244,3110307,길음역 7번,67430.4,72192.0,1.070615034168565
20244,3110308,길음역 8번,148398.0,171196.5,1.1536307766951035
20244,3110309,대광초등학교,29682.0,26132.0,0.8803988949531703
20244,3110310,길음역 10번,7016.8,8137.0,1.159645422414776
20244,3110311,종암아이파크2차후문,11087.8,13264.5,1.196314868594311
20244,3110312,안암역 2번,101668.6,69966.5,0.6881819952276317
20244,3110313,안암역 3번,280306.6,223439.0,0.7971235782532413
20244,3110314,종암경찰서,104568.4,105743.5,1.0112376205431086
20244,3110316,숭곡초등학교,408759.4,421058.0,1.0300876261194238
20244,3110327,상월곡역 2번,200696.6,198205.0,0.987585240606966
20244,3110317,종암중학교,110120.8,103075.0,0.9360175371047068
20244,3110318,KT월곡지사,235537.2,221930.5,0.9422312059411422
20244,3110319,종암동주민센터,183762.2,198270.0,1.0789487718366453
20244,3110320,KB국민은행 종암동지점,26652.6,25824.0,0.9689111006055696
20244,3110321,동덕여대,460.2,538.0,1.1690569317687962
20244,3110322,장위1동주민센터,102866.6,106930.0,1.039501645820898
20244,3110323,상월곡역 1번,201679.8,209124.0,1.0369109846400086
20244,3110324,월곡역 4번,17734.4,16995.0,0.958307019126669
20244,3110325,장곡초등학교,141261.4,146593.0,1.0377427945638371
20244,3110326,장위동성당,56924.2,62892.5,1.104846444921492
20244,3110353,수유동우체국,110975.6,120467.0,1.08552690861775
20244,3110354,삼각산119안전센터,10715.4,11450.0,1.0685555368908302
20244,3110355,삼양사거리역 2번,180918.4,184981.0,1.022455427419212
20244,3110392,발바닥공원,12747.0,16499.5,1.294382992076567
20244,3110382,솔밭공원역 1번,84746.0,76234.0,0.8995586812356925
20244,3110383,덕성여대시반거리,11388.2,9130.5,0.801750935178518
20244,3110384,문이교,13052.8,14162.5,1.0850162417259133
20244,3110385,효문고등학교,22755.4,23027.5,1.011957601272665
20244,3110386,연산군묘,3137.4,4435.5,1.4137502390514438
20244,3110387,쌍문초등학교,188718.8,205887.0,1.0909723885484648
20244,3110388,도봉우체국,92135.8,97763.0,1.0610750652840697
20244,3110389,한일병원,57024.4,63195.0,1.108209818954693
20244,3110390,방학초등학교,78105.2,83965.5,1.0750308558200992
20244,3110391,샘말어린이공원,65518.0,74369.0,1.1350926462956743
20244,3110393,국민은행방학지점,5077.6,5667.5,1.1161769339845595
20244,3110356,덕수교,121762.6,123313.0,1.0127329738359725
20244,3110394,방학중학교,136585.0,147424.0,1.0793571768495809
20244,3110395,신한은행 방학동지점,52935.6,54363.5,1.0269742857358752
20244,3110396,쌍문역1번(쌍리단길),106452.0,109829.5,1.031727914928794
20244,3110397,도봉산입구,211472.8,231292.5,1.093722218649396
20244,3110398,쌍문2동우체국,131126.2,129561.0,0.9880634076180046
20244,3110399,창2동주민센터,223912.8,236368.0,1.0556252255342258
20244,3110400,도봉구보건소,187582.8,192033.5,1.023726589004962
20244,3110401,도봉구민회관,26543.6,30980.5,1.1671551711146944
20244,3110402,도봉구 정병원,79923.4,87951.5,1.1004474284127053
20244,3110403,방학1동주민센터,200282.2,219802.0,1.0974614818491109
20244,3110381,번동주공2단지,53982.0,56069.5,1.0386702975065762
20244,3110380,강북문화정보도서관,72335.4,82742.0,1.1438659356276455
20244,3110379,KT&G 북부지사,27288.0,28503.5,1.0445433890354734
20244,3110378,송중동주민센터,127557.8,131098.5,1.0277576126273735
20244,3110357,가오리역 1번,158042.6,168022.0,1.063143734663945
20244,3110358,인수동 우편취급국,126486.8,132568.0,1.0480777440808051
20244,3110359,수유시장옆,177315.6,194304.5,1.0958116488340564
20244,3110360,수유초등학교,164538.0,173901.0,1.0569047879517193
20244,3110361,삼양사거리역 1번,132777.4,140593.0,1.0588624268889133
20244,3110362,우이천 계성교,107392.2,115187.0,1.0725825525503714
20244,3110363,송천동주민센터,42012.4,46007.5,1.0950933533909035
20244,3110364,미아역 8번,260459.6,269731.5,1.0355982271338815
20244,3110365,미아역 5번,266090.0,280366.5,1.0536528993949417
20244,3110366,광산사거리,77649.8,79270.5,1.0208719146733152
20244,3110367,강북구청,160562.8,172360.5,1.073477169057839
20244,3110368,송천초등학교,359867.2,366835.0,1.0193621424792256
20244,3110369,성신여대운정그린캠퍼스,178825.2,198407.5,1.109505259885072
20244,3110370,도봉세무서,214849.6,209774.0,0.976376032350072
20244,3110371,삼양입구사거리,83751.6,84126.0,1.0044703623572564
20244,3110372,강북중학교,211785.0,216730.5,1.023351512146753
20244,3110373,수유역 2번,193131.6,197271.5,1.0214356428466391
20244,3110374,송중초등학교,350781.8,345508.0,0.9849655825929396
20244,3110375,서울북부고용노동지청,69169.6,77351.5,1.118287513589785
20244,3110376,수송초등학교,362082.4,378039.5,1.0440703552561517
20244,3110377,미아사거리역 3번,94234.8,94052.5,0.998065470505588
20244,3110304,보문역 4번,156103.0,154746.0,0.9913070216459644
20244,3110302,보문역 8번,35877.4,37197.0,1.0367808146632698
20244,3110201,전농119안전센터,22705.0,23978.5,1.0560889671878442
20244,3110238,배꽃어린이공원,7870.8,8254.5,1.048749809422168
20244,3110228,장안근린공원,224420.2,238917.5,1.0645989086543903
20244,3110229,장평중학교,240088.2,230211.0,0.958860118906302
20244,3110230,장안현대홈타운1차아파트,176264.0,185315.5,1.0513519493487042
20244,3110231,장안교,6611.4,7395.0,1.118522551955713
20244,3110232,동대부고,109814.6,105222.0,0.958178602845159
20244,3110233,중랑역 1번,167562.8,182664.5,1.0901256126061394
20244,3110234,중랑역 4번,38337.8,42999.5,1.1215953967102965
20244,3110235,세화어린이공원,40106.0,43981.0,1.096618959756645
20244,3110236,신묵초등학교,237565.6,246329.0,1.03688833736871
20244,3110237,메가박스 상봉,110750.2,113885.5,1.0283096554227442
20244,3110239,중랑역 2번,29111.0,31179.5,1.0710556147160868
20244,3110226,장안1동주민센터,405592.8,413677.0,1.0199318133852475
20244,3110240,태릉시장 특화거리,94822.2,103791.0,1.094585445180559
20244,3110241,먹골역 5번,142764.0,141976.0,0.9944804012215964
20244,3110242,면목5동주민센터,71550.6,79058.0,1.1049243472451662
20244,3110243,중랑노인종합복지관,77170.0,80359.5,1.0413308280419853
20244,3110244,중화역 4번,139395.8,139322.0,0.9994705722841004
20244,3110245,KB국민은행 중화동지점,78782.4,82538.0,1.04767054570564
20244,3110246,월드순복음교회,196209.6,203992.5,1.0396662548621474
20244,3110247,먹골역 1번,284284.4,297264.5,1.045658854302241
20244,3110248,먹골파출소,65294.0,69258.0,1.060710019297332
20244,3110249,중화역 1번,230588.2,229242.5,0.994164055229192
20244,3110227,답십리공원,70375.0,73332.5,1.04202486678508
20244,3110225,촬영소사거리,44538.0,52246.0,1.1730656967084288
20244,3110301,성신여대입구역 7번,207729.8,220231.0,1.0601800993405857
20244,3110212,답십리초등학교,138037.2,140620.5,1.018714520433622
20244,3110202,전농1동주민센터(전농시장),61503.8,67976.5,1.1052406517971247
20244,3110203,떡전교사거리,118901.8,129692.0,1.0907488364347722
20244,3110204,간데메공원,196851.4,210014.5,1.06686820616973
20244,3110205,경희대삼거리,282187.2,271815.0,0.9632435489632414
20244,3110206,텃골근린공원,168811.4,186563.0,1.1051564053138592
20244,3110207,시립대앞사거리,119190.0,117514.5,0.9859426126352882
20244,3110208,시조사삼거리,53121.6,56046.5,1.0550604650462336
20244,3110209,답십리 장령당공원,46905.0,49767.0,1.0610169491525423
20244,3110210,서울시립대,379736.0,365212.5,0.9617536920386796
20244,3110211,전곡마을마당공원,364003.2,356731.5,0.9800229778199752
20244,3110213,청량초등학교,55455.8,53929.5,0.9724771800244518
20244,3110224,외대앞역 2번,84741.2,87141.0,1.0283191647038277
20244,3110214,경희대후문,229933.8,203907.5,0.8868095947616227
20244,3110215,회기역 1번,121349.2,127987.0,1.054699989781556
20244,3110216,전농중학교,49202.4,50317.5,1.0226635286083603
20244,3110217,자동차부품상가,24347.8,21496.5,0.8828929102424039
20244,3110218,답십리사거리,159230.0,171161.0,1.0749293474847703
20244,3110219,삼육보건대학교,208120.2,214469.0,1.0305054482938223
20244,3110220,외대앞역 1번,226427.6,216056.5,0.9541968381946372
20244,3110221,의릉,56227.6,58576.5,1.0417748578989678
20244,3110222,회기역 2번,7177.2,7373.5,1.0273504988017612
20244,3110223,군자초등학교,61609.6,60909.5,0.9886365111930608
20244,3110250,화랑대역 7번,45693.8,51280.5,1.1222638519886723
20244,3110251,장안중학교,102625.2,101920.0,0.993128393416042
20244,3110252,장안제일시장,153032.2,162721.0,1.0633121656749362
20244,3110289,북한산보국문역 2번,172787.8,184627.5,1.0685216201606826
20244,3110279,신내역 2번,1645.2,1241.5,0.7546194991490396
20244,3110280,북정마을,38957.0,40174.0,1.0312395718356135
20244,3110281,길상사,9501.0,10066.0,1.0594674244816336
20244,3110282,국민대학교앞,3023.8,2961.0,0.9792314306501751
20244,3110283,성북초등학교앞,24878.0,23272.5,0.935465069539352
20244,3110284,정릉북한산국립공원입구,10839.4,12667.0,1.1686071184751925
20244,3110285,홍대부중,19343.6,19197.5,0.9924471142910316
20244,3110286,한성대입구역 5번,119482.2,118700.0,0.9934534181660531
20244,3110287,정릉3동주민센터,31803.6,29660.5,0.9326145467808676
20244,3110288,동구여중,32367.6,31774.0,0.9816606730186976
20244,3110290,북한산보국문역 1번,31079.2,32977.0,1.061063347833921
20244,3110253,중곡초등학교,86537.8,92740.0,1.071670414547169
20244,3110291,한성대입구역 3번,282732.4,279383.5,0.9881552308826296
20244,3110292,정릉역 2번,39327.8,39556.0,1.005802511200728
20244,3110293,삼선중학교,221922.6,222181.0,1.001164369919963
20244,3110294,서경대학교,215556.4,225420.0,1.0457587898109266
20244,3110295,정릉우체국,123227.6,126017.5,1.0226402202104077
20244,3110296,성신여대입구역 4번,134300.4,147876.5,1.101087561913442
20244,3110297,경동고등학교,355512.0,362773.5,1.0204254708701817
20244,3110298,솔숲어린이공원,37437.0,43946.0,1.173865427251115
20244,3110299,정릉역 1번,266669.4,296066.0,1.110236120079769
20244,3110300,삼선동주민센터,412418.8,396260.0,0.9608194388810598
20244,3110278,망우본동주민센터,111366.6,119783.0,1.0755738255455405
20244,3110277,러스크서울병원,122419.2,128717.0,1.0514445446465914
20244,3110276,신내IC북측,7106.4,6726.5,0.9465411460092312
20244,3110275,하나은행 망우동지점,64845.4,70415.5,1.0858981516036603
20244,3110254,오거리공원,411650.8,433180.0,1.0522996675823295
20244,3110255,상봉역 4번,327783.0,348283.0,1.0625413764594258
20244,3110256,면목2동체육관,197569.8,211786.0,1.071955329205172
20244,3110257,상봉역 7번,187233.2,194387.5,1.038210637856961
20244,3110258,면동초등학교,104624.6,108631.5,1.0382978764076516
20244,3110259,사가정역 1번,157174.6,163799.5,1.0421499402575225
20244,3110260,면목역 3번,205293.6,209400.0,1.0200025719262558
20244,3110261,사가정역 4번,211968.8,225068.0,1.0617977740120246
20244,3110262,상봉역 3번,244602.8,276590.0,1.130772010786467
20244,3110263,면목역 1번,187000.0,193930.0,1.0370588235294118
20244,3110264,면목역 2번,399392.4,427524.5,1.0704372441739
20244,3110265,망우역 1번,55600.6,60272.0,1.0840170789523855
20244,3110266,면목동우체국,197695.6,214865.5,1.0868501878645755
20244,3110267,망우역 2번,175753.0,199469.0,1.1349393751458012
20244,3110268,망우3동주민센터,85084.8,89809.5,1.055529307232314
20244,3110269,용마문화복지센터,89134.4,83923.0,0.9415332352043656
20244,3110270,혜원여고,30131.4,28645.5,0.950685995340409
20244,3110271,신내역 1번,12356.6,12637.5,1.022732790573459
20244,3110272,신내1동주민센터,176386.2,197106.5,1.11747120806503
20244,3110273,장스여성병원,102464.8,106126.5,1.035736174764407
20244,3110274,서일대학교,194076.2,200434.0,1.0327592976367015
20244,3110818,신대방역 3번,49941.8,56234.5,1.1260006647737966
20244,3110408,가인초등학교,33318.8,40317.0,1.2100375763833031
20244,3110820,성남고등학교,112971.8,121567.5,1.076087129708476
20244,3130051,동화동 골목형상점가,214433.0,203415.0,0.94861798323952
20244,3130034,필동 골목형상점가,12010.4,7370.0,0.6136348497968428
20244,3130035,방산종합시장(방산시장),161881.0,77614.0,0.4794509547136477
20244,3130036,중부시장(신중부시장),176612.8,106250.0,0.6015985251352111
20244,3130038,"평화시장(통일상가, 동화상가)",15991.6,10672.0,0.6673503589384426
20244,3130042,약수시장,54678.4,55722.0,1.019086147363493
20244,3130046,team204(팀204),11255.4,6703.5,0.5955807878884802
20244,3130047,테크노상가(엘리시움),22510.8,13407.0,0.5955807878884802
20244,3130048,동평화시장,10993.8,6568.0,0.5974276410340374
20244,3130049,신당 미래유산 먹거리 골목형상점가,23083.4,21884.5,0.9480622438635556
20244,3130050,청평화시장,9475.2,5993.0,0.6324932455251604
20244,3130052,서울중앙시장(신중앙시장),238952.2,228133.0,0.9547223252181816
20244,3130032,인현시장,29296.2,17385.5,0.5934387394952246
20244,3130053,백학시장,90567.2,91339.5,1.0085273697320885
20244,3130054,황학동주방가구거리상점가,186792.6,209261.5,1.1202879557327217
20244,3130055,"황학시장(서울중앙시장, 신중앙시장)",145659.0,140810.5,0.966713351045936
20244,3130056,용산용문시장,71183.6,68109.0,0.9568074668884404
20244,3130057,만리시장,2288.6,2119.5,0.9261120335576336
20244,3130058,이촌종합시장,18862.0,16732.0,0.8870745414060015
20244,3130059,후암시장,22921.8,24479.5,1.0679571412367266
20244,3130060,신흥시장,56511.6,63889.5,1.1305554965706155
20244,3130061,이태원시장,11520.4,12357.0,1.072619006284504
20244,3130062,보광시장,2035.4,2093.0,1.0282991058268645
20244,3130033,대림상가(청계상가),10433.0,5774.0,0.5534362120195533
20244,3130031,청계천공구상가,57926.6,34732.5,0.5995950047128608
20244,3130064,금남시장,61077.2,69396.5,1.1362095839363953
20244,3130012,"동대문종합시장(동대문종합시장 신관, 동대문종합시장D동상가)",7586.2,4918.5,0.6483483166802879
20244,3120248,명일역,212961.6,219748.5,1.0318691257015349
20244,3120249,고덕역,76597.4,71399.0,0.9321334666711926
20244,3130001,통인시장,65836.4,64645.5,0.9819112223633129
20244,3130002,세종마을음식문화거리(금천교시장),108112.4,101021.5,0.9344117788523796
20244,3130004,낙원시장(낙원지하시장(대일상가)),12570.6,12470.5,0.992036975164272
20244,3130005,세운상가가동,22632.6,16289.0,0.7197140408083915
20244,3130007,광장시장(광장전통시장),87743.6,59982.0,0.6836054139561175
20244,3130009,마전교지하쇼핑센터(구 한일상가),8294.2,5317.0,0.6410503725494924
20244,3130010,종로신진시장,140168.6,89885.5,0.641267017006662
20244,3130011,충신시장,29695.6,23099.0,0.777859346165762
20244,3130013,동대문상가A동,5510.8,3732.0,0.6772156492705234
20244,3130025,삼익패션타운(남대문시장),12681.8,7969.5,0.6284202557996499
20244,3130014,동문시장,5745.2,4359.0,0.7587203230522872
20244,3130015,창신골목시장,106739.2,105593.5,0.9892663613742656
20244,3130016,동대문상가B동,5510.8,3732.0,0.6772156492705234
20244,3130017,동대문상가C동,5374.2,3667.5,0.6824271519481969
20244,3130018,동대문문구완구거리(동대문문구완구시장),73938.0,69766.0,0.9435743460737376
20244,3130019,동대문상가D동,3532.0,2822.0,0.7989807474518686
20244,3130020,동묘시장(동묘벼룩시장),62355.4,68207.5,1.0938507330559983
20244,3130021,신설종합시장,6506.0,8129.0,1.2494620350445742
20244,3130022,숭례문수입상가(남대문시장),11846.4,6427.0,0.5425276877363587
20244,3130024,남대문시장(자유상가),342790.6,214022.0,0.6243520096525401
20244,3130063,신금호역 골목형상점가,18310.8,19952.5,1.0896574699084691
20244,3130065,무학봉상점가,139840.0,150206.5,1.0741311498855834
20244,3120143,당산역,171867.2,151937.0,0.8840372101250267
20244,3130103,이경시장,19869.2,22075.5,1.1110412095101967
20244,3130093,동서시장,11172.4,10442.0,0.9346246106476674
20244,3130094,청량리청과물시장,30014.2,29439.5,0.980852396532308
20244,3130095,청량리전통시장,80727.8,80938.0,1.0026038118219498
20244,3130096,동부시장,10673.8,9610.0,0.9003354007007814
20244,3130097,답십리 건축자재시장,106635.4,103131.0,0.967136616920835
20244,3130098,회기시장,41470.8,38062.0,0.917802405548
20244,3130099,전농로터리시장,53836.0,51935.5,0.9646983431161305
20244,3130100,답십리시장,34317.4,37433.0,1.0907877636417678
20244,3130101,답십리현대시장,70182.8,74979.5,1.0683458055250004
20244,3130102,이문제일시장,6577.4,7278.0,1.1065162526226169
20244,3130104,전곡시장,9937.2,10549.5,1.0616169544740972
20244,3130091,청량종합도매시장,81395.6,77935.5,0.9574903311726924
20244,3130105,장미제일시장(중화동제일시장),47829.2,52658.5,1.1009697005176755
20244,3130106,중랑동부시장,126060.2,128189.5,1.0168911361397177
20244,3130107,중랑동부시장(중랑교종합상가),5443.6,5667.5,1.0411308692776835
20244,3130108,태능엔터피아(태릉시장),6620.4,6618.0,0.9996374841399313
20244,3130109,묵1동도깨비시장,12335.4,15815.0,1.2820824618577429
20244,3130110,면목골목시장(면목시장),51115.8,53945.5,1.055358617100779
20244,3130111,"동원전통종합시장(동원시장, 동원전통시장 상점가)",144563.2,152619.5,1.0557285671595538
20244,3130112,사가정시장,137595.6,143899.0,1.0458110579117357
20244,3130113,신아타운,7175.6,6986.0,0.9735771224705948
20244,3130114,유영시장,4282.8,3954.0,0.9232277949005324
20244,3130092,청량리농수산물시장,61434.8,58930.0,0.9592283201052172
20244,3130090,청량리종합시장,54440.2,51594.5,0.947727965731206
20244,3130066,행당시장상점가,118191.0,122829.5,1.0392457970573057
20244,3130077,조양시장,8238.4,8865.5,1.0761191493493882
20244,3130067,왕십리도선동상점가,184190.8,187082.5,1.0156994811901572
20244,3130068,마장축산물시장,137881.4,120775.0,0.8759339548336469
20244,3130069,"한양대앞상점가(한양시장, 왕십리맛골목)",92718.6,85588.0,0.9230941795928757
20244,3130070,뚝섬역상점가,69059.6,54234.5,0.7853289043087419
20244,3130071,성수역 골목형상점가,8301.4,5599.0,0.6744645481485051
20244,3130072,성동용답상가시장,122650.8,129891.5,1.059035081711656
20244,3130073,뚝도시장,71195.0,68520.5,0.9624341597022262
20244,3130074,영동교골목시장,51552.6,55879.5,1.0839317512598785
20244,3130075,노룬산시장(노룬산골목시장),22395.2,24323.5,1.086103272129742
20244,3130076,능동로골목시장,33955.4,36802.5,1.0838482244355832
20244,3130078,화양제일골목시장,31587.0,35868.0,1.135530439737867
20244,3130089,청량리수산시장,13496.2,13173.5,0.9760895659518976
20244,3130079,한아름시장,14947.0,16979.0,1.135947012778484
20244,3130080,자양종합시장(기능상실),7303.2,8008.0,1.0965056413626904
20244,3130081,자양골목전통시장(자양골목시장),104278.0,111410.5,1.0683988952607453
20244,3130082,면곡골목시장,10155.6,11535.0,1.1358265390523454
20244,3130083,"중곡제일시장(중곡제일골목시장, 광성시장)",36679.0,39475.0,1.0762289048229232
20244,3130084,신성시장(신성골목시장),39159.2,40070.0,1.0232589021226175
20244,3130085,용두시장,8302.4,6963.5,0.8387333783002505
20244,3130086,서울약령시장,214590.8,197592.5,0.9207873776508592
20244,3130087,경동광성상가(경동시장),15354.0,14950.0,0.9736876384004168
20244,3130088,경동시장,8436.6,8076.5,0.9573169286205344
20244,3120247,굽은다리역,93627.0,98632.5,1.053462142330738
20244,3120246,길동역,609116.6,596714.0,0.9796383812229056
20244,3120245,둔촌역,180882.6,184042.5,1.0174693419930938
20244,3120181,교육개발원입구사거리,69470.2,54776.5,0.7884891651384335
20244,3120171,서초3동사거리,243392.8,211402.0,0.8685630799267686
20244,3120172,교대입구교차로,307304.0,238131.0,0.7749036784421941
20244,3120173,교대역(법원.검찰청),693537.8,487518.0,0.702943660749277
20244,3120174,논현역 5번,48723.4,40004.0,0.8210428664666258
20244,3120175,남부터미널역,209061.8,162380.5,0.776710522917147
20244,3120176,논현역 4번,273566.4,261673.5,0.9565264593897496
20244,3120177,신논현역 1번,193491.6,183546.0,0.9485993190402064
20244,3120178,신사역,507641.4,385562.0,0.759516461817338
20244,3120179,양재역,393825.2,283947.5,0.7209988086084892
20244,3120180,양재화물트럭터미널앞,20017.8,17959.0,0.897151535133731
20244,3120182,"양재시민의숲역(양재동꽃시장, aT센터)",110094.0,80328.5,0.7296355841371919
20244,3120169,서초역,235624.4,152732.0,0.6482011200877329
20244,3120183,양재천카페거리,64252.8,50113.5,0.7799426639772896
20244,3120184,포이사거리(삼호물산),250438.2,201587.0,0.8049371062401822
20244,3120185,논현역,382959.0,293159.5,0.7655114516175361
20244,3120186,가로수길,338676.0,290575.5,0.8579748786450767
20244,3120187,신논현역,548752.0,461866.0,0.8416661807155145
20244,3120188,압구정역,321883.2,266027.5,0.8264721489037017
20244,3120189,강남역,1195570.4,846809.0,0.7082886963410938
20244,3120190,강남을지병원,225429.4,163241.0,0.7241335868347252
20244,3120191,학동역,356529.2,267579.0,0.7505107576041458
20244,3120192,뱅뱅사거리,356175.2,248515.0,0.6977324642479319
20244,3120170,삼호가든사거리,188900.6,171514.0,0.907959000659606
20244,3120168,서울고교교차로,43483.4,30356.5,0.6981169825726599
20244,3120244,암사역,99412.4,109033.5,1.0967796773843104
20244,3120155,총신대학교,32601.2,35035.0,1.0746536937290652
20244,3120145,영등포역(영등포),575845.6,683748.0,1.1873807840157151
20244,3120146,한강성심병원,75390.6,69167.5,0.9174552265136502
20244,3120147,보라매역,140823.4,140828.5,1.000036215572128
20244,3120148,국회의사당역(국회의사당),69330.4,51058.5,0.7364518306543739
20244,3120149,여의도역(여의도),279537.8,156529.0,0.559956471003206
20244,3120150,63빌딩,10063.4,7514.5,0.7467158216904823
20244,3120151,보라매공원,192673.0,165686.0,0.8599336700004672
20244,3120152,신대방삼거리역,106331.0,111388.5,1.0475637396431896
20244,3120153,노량진역(노량진),253647.4,242780.5,0.9571574555859828
20244,3120154,장승배기역,74280.4,71801.0,0.9666210736614236
20244,3120156,"총신대입구역(이수, 총신대)",544054.6,545670.0,1.0029691872837765
20244,3120167,고속터미널(고속터미널역),100739.8,105369.5,1.045957010039726
20244,3120157,신림역(신림),630875.8,708509.0,1.1230562338894596
20244,3120158,녹두거리(대학동),103463.4,103198.5,0.9974396743196146
20244,3120159,서울대입구역,505024.6,509536.0,1.0089330301929846
20244,3120160,사당역(사당),307359.6,301908.5,0.982264747871874
20244,3120161,방배동가구거리(사당동가구거리),59559.6,62014.0,1.0412091417672382
20244,3120162,방배동카페골목,84722.0,85883.5,1.0137095441561814
20244,3120163,사당역 11번(사당역먹자골목),204565.0,211454.5,1.0336787818052942
20244,3120164,내방역,196267.2,168808.0,0.860092771487034
20244,3120165,서래마을카페거리(서래마을),118635.4,113769.0,0.958980203210846
20244,3120166,방배역,173958.2,146642.0,0.8429726221586564
20244,3120193,도산공원교차로,118652.2,85427.5,0.7199824360610254
20244,3120194,언주역(차병원),290569.2,210059.0,0.7229224570257274
20244,3120195,성수대교남단,120169.2,109718.5,0.9130334561601476
20244,3120232,송파나루역,55110.0,60044.5,1.0895391036109598
20244,3120222,삼성역,170490.8,90558.0,0.5311606256759895
20244,3120223,휘문고교사거리,50856.0,29523.5,0.5805313040742489
20244,3120224,수서역,38962.6,26998.5,0.6929337364549594
20244,3120225,잠실새내역(신천),398825.6,418308.5,1.0488506755835132
20244,3120226,석촌고분역,98896.4,104702.5,1.058708911547842
20244,3120227,잠실역,175382.6,133627.0,0.7619170886963701
20244,3120228,석촌역(석촌호수),292068.2,298265.5,1.021218674268544
20244,3120229,방이동먹자골목,252127.0,256464.5,1.017203631503171
20244,3120230,송파사거리(송파역),92734.0,86850.5,0.936555093061876
20244,3120231,가락시장,4541.6,4297.0,0.946142328694733
20244,3120233,몽촌토성역,128280.6,123353.5,0.9615912304744444
20244,3120196,서울세관,131414.6,92803.5,0.70618865788124
20244,3120234,가락시장역,283908.0,249064.5,0.8772718627160911
20244,3120235,문정역,71355.0,55963.5,0.7842968257305024
20244,3120236,장지역(가든파이브),29276.0,26836.5,0.9166723596119688
20244,3120237,경찰병원역,371079.8,353789.0,0.9534040925967946
20244,3120238,방이역,41955.4,46214.5,1.101514942057518
20244,3120239,오금역,178275.0,159002.0,0.8918917402888795
20244,3120240,개롱역,223958.8,225540.0,1.0070602271489222
20244,3120241,거여역,86880.4,90599.5,1.0428071233557856
20244,3120242,강동구청역,250128.0,220317.0,0.8808170216848973
20244,3120243,천호역,213613.2,233412.5,1.092687624173038
20244,3120221,봉은사역,79719.4,51899.5,0.6510272280022178
20244,3120220,대치역,69975.0,74803.0,1.068996070025009
20244,3120219,은마아파트,162994.4,197521.0,1.211826909390752
20244,3120218,코엑스,7399.2,5678.5,0.7674478321980754
20244,3120197,역삼역,811026.4,405052.5,0.4994319543728786
20244,3120198,구역삼세무서,341349.0,255956.0,0.7498366774181263
20244,3120199,경복아파트교차로,82299.4,62127.5,0.7548961474810266
20244,3120200,학동사거리,195641.8,160808.5,0.8219536929224737
20244,3120201,도곡1동,153249.2,126434.5,0.8250255139994205
20244,3120202,압구정로데오역(압구정로데오),298613.4,277026.0,0.927707865755522
20244,3120203,강남구청역,279958.2,190441.0,0.6802479798769959
20244,3120204,르네상스호텔사거리,340247.2,185978.5,0.5465981792061771
20244,3120205,매봉역,90103.8,62959.5,0.6987441151205609
20244,3120206,개나리아파트,177513.2,138258.0,0.7788603889738903
20244,3120207,선정릉역,299739.8,227762.5,0.7598673916510253
20244,3120208,청담사거리(청담동명품거리),205030.0,179878.0,0.8773252694727601
20244,3120209,"강남구청(청담역_8번, 강남세무서)",126466.4,105202.5,0.8318612690801668
20244,3120210,선릉역,829583.2,550010.5,0.6629961889295733
20244,3120211,도성초등학교,131426.0,127101.0,0.9670917474472328
20244,3120212,한티역,146905.8,163065.0,1.1099970184975678
20244,3120213,삼성중앙역,337261.4,257922.5,0.7647554686068432
20244,3120214,영동대교남단교차로,51669.2,40423.0,0.78234228515247
20244,3120215,포스코사거리,539582.2,317141.5,0.5877538213825438
20244,3120216,경기고교사거리(경기고교앞사거리),31575.2,22748.0,0.7204388254072817
20244,3120217,대치사거리,179314.8,158804.5,0.8856184765563133
20244,3130115,우림골목시장,129288.6,141091.5,1.091291111513312
20244,3130116,동성타워프라자,3544.8,3721.0,1.049706612502821
20244,3130117,정릉시장,59266.6,68439.0,1.1547650784759038
20244,3130260,신대방1동골목상권,18875.8,21455.5,1.1366670551711715
20244,3130248,영등포역지하도상점가,16935.8,18236.0,1.076772281203132
20244,3130249,동남상가,7287.6,7606.0,1.0436906526154015
20244,3130250,삼구시장(로타리상가),7753.6,8882.0,1.1455323978539
20244,3130253,영신상가(제일상가),7638.0,8666.5,1.1346556690233045
20244,3130254,남서울상가,6875.8,7280.5,1.058858605544082
20244,3130255,영등포전통시장,93804.4,99801.0,1.063926638835705
20244,3130256,신동시장,18352.0,18594.0,1.0131865736704446
20244,3130257,영등포시장기계공구상가,24259.0,26868.0,1.1075477142503811
20244,3130258,영진시장A동,5335.8,5916.5,1.108830915701488
20244,3130259,대신시장,4618.0,4790.5,1.037353832828064
20244,3130261,성대전통시장(성대시장),38635.6,39855.0,1.0315615649815195
20244,3130246,영등포청과시장(조광시장),221155.4,202314.5,0.9148069637910718
20244,3130262,상도도깨비 골목형상점가,20687.6,22679.0,1.0962605618824803
20244,3130263,신노량진시장(기능상실),1810.2,2056.5,1.136062313556513
20244,3130264,상도약수골목형상점가,22854.6,23727.5,1.0381936240406746
20244,3130265,노량진중앙시장,27342.0,27043.5,0.98908272986614
20244,3130266,만양로상점가,15150.6,14697.5,0.9700935936530566
20244,3130267,본동인정시장(기능상실),27487.2,28204.5,1.026095782764341
20244,3130268,상도전통시장,27921.8,32540.5,1.165415553438532
20244,3130269,강남시장(동작구 강남시장),6201.4,6763.5,1.090640823039959
20244,3130270,흑석시장,11092.2,10379.0,0.9357025657669352
20244,3130271,남성역골목시장,82945.8,87818.0,1.05873956246127
20244,3130247,우리시장,30013.8,32596.0,1.0860337578047432
20244,3130245,영일시장,43484.6,41288.0,0.9494855650046224
20244,3130220,등마루시장,5831.2,6439.0,1.1042324049938264
20244,3130232,독산동 맛나는거리상점가(독산동 맛나는거리),21460.6,22614.0,1.0537450024696422
20244,3130222,오류시장,42404.8,45121.5,1.0640658604686262
20244,3130223,고척근린시장,32978.4,37192.5,1.1277836402008588
20244,3130224,개봉프라자(고척근린시장),1102.4,1234.5,1.1198294629898402
20244,3130225,개봉중앙시장,62712.2,71544.5,1.1408386247014135
20244,3130226,고척프라자,4156.8,4702.0,1.1311585835257891
20244,3130227,고척골목시장상점가(그라운드 고척),10974.2,12160.5,1.108098995826575
20244,3130228,구로시장,130455.8,125813.0,0.9644109345847406
20244,3130229,남구로시장,102243.4,102463.5,1.0021527061893485
20244,3130230,가리봉시장,17738.8,18422.0,1.0385144429160935
20244,3130231,독산동 우시장,27233.0,25688.5,0.9432857195314508
20244,3130233,남문시장,23038.2,23602.0,1.024472398017206
20244,3130244,대림중앙시장,47470.6,54319.0,1.1442661352500283
20244,3130234,푸른터시장(기능상실),1108.8,1146.0,1.0335497835497836
20244,3130235,대명여울빛거리시장(대명시장),31513.4,31184.5,0.9895631699530992
20244,3130236,비단길현대시장(현대시장),69425.2,74474.0,1.0727228729625555
20244,3130237,박미시장(기능상실),913.8,764.0,0.8360691617421756
20244,3130238,은행나무시장,54720.2,61817.0,1.1296925084338143
20244,3130239,양남시장,3812.8,3079.0,0.8075430130088124
20244,3130240,영등포유통상가,4709.4,3851.0,0.8177262496284028
20244,3130241,선유도역 골목형상점가,41451.6,33129.0,0.7992212604579799
20244,3130242,대림중앙 골목형상점가,40161.4,46772.5,1.1646132853934374
20244,3130243,도림시장,7732.6,8113.0,1.0491943201510487
20244,3130272,사당시장,4533.6,4844.0,1.0684665607905417
20244,3130273,남성사계시장(남성시장),132906.4,138200.0,1.0398295341684072
20244,3130274,사당1동먹자골목상점가(사당1동먹자골목),119318.4,120379.0,1.0088888218413925
20244,3130315,문정동 로데오거리 상점가(문정동 로데오거리),92535.6,83134.0,0.898400183280813
20244,3130305,논현종합시장,4771.4,3839.5,0.8046904472481872
20244,3130306,강남언주로,40208.0,30472.0,0.7578591325109431
20244,3130307,도곡시장,11896.4,14441.5,1.2139386705221749
20244,3130308,청담삼익시장,3262.6,2282.5,0.6995954146999326
20244,3130309,은마종합상점가,3104.2,1555.5,0.5010952902519168
20244,3130310,강남개포시장,35382.6,34077.5,0.9631146382685276
20244,3130311,새마을시장,154100.8,163229.5,1.0592384984373866
20244,3130312,석촌시장,39522.0,40045.5,1.0132457871565204
20244,3130313,방이시장,157117.4,160685.5,1.0227097698918135
20244,3130314,풍납시장,207763.4,223900.5,1.077670561802512
20244,3130316,마천시장,11549.0,12125.0,1.0498744480041562
20244,3130275,강남골목시장,65212.6,59607.5,0.9140488187865536
20244,3130317,마천중앙시장,88814.0,96453.5,1.086016844191231
20244,3130318,로데오거리상점가,69037.4,79946.0,1.1580100061705685
20244,3130319,성내전통시장,90231.2,106052.0,1.1753362473290836
20244,3130320,암사종합시장,27837.8,29571.0,1.0622606671504211
20244,3130321,장신구 특화거리 상점가,30853.6,28509.5,0.9240250732491508
20244,3130322,고분다리전통시장,21461.2,23371.5,1.0890117980355245
20244,3130323,둔촌역전통시장,39847.2,41047.0,1.03011002027746
20244,3130324,길동복조리시장,71044.2,71960.0,1.012890566717621
20244,3130325,명일전통시장,46345.6,48849.0,1.054015915210937
20244,3110821,보라매역 2번,209141.0,220945.0,1.0564403918887255
20244,3130304,신사상가,3020.6,2726.5,0.902635238032179
20244,3130303,영동전통시장,56575.8,45497.5,0.8041865956822528
20244,3130302,강남시장(강남구 강남시장),7556.8,6510.0,0.861475756934152
20244,3130301,양재시장,8739.8,6353.5,0.7269617153710611
20244,3130276,신림중앙시장(조원동 펭귄시장),17212.6,18189.5,1.0567549353380663
20244,3130277,조원동 펭귄시장(신림중앙시장),26830.4,29827.5,1.111705378973105
20244,3130278,미성동 도깨비시장 골목형상점가,38905.4,42388.0,1.089514566101364
20244,3130279,관악신사시장,83582.8,89869.0,1.0752092535784874
20244,3130280,신림종합시장,3990.4,4679.0,1.1725641539695268
20244,3130281,우림시장,6757.2,7496.5,1.1094092227549872
20244,3130282,난곡 골목형상점가,12295.0,13340.5,1.0850345668971126
20244,3130283,신원시장,100104.8,117928.5,1.17805040317747
20244,3130284,관악종합시장(신원시장),9545.8,11187.0,1.1719290159022815
20244,3130285,서원동상점가,145673.6,166822.5,1.1451800463501969
20244,3130286,신신림시장(삼성동시장),15917.2,16522.5,1.0380280451335662
20244,3130287,삼성동 시장(삼성동시장),168369.4,171780.0,1.020256649961335
20244,3130288,신림현대종합상가,2059.8,2575.0,1.2501213710068937
20244,3130289,봉일시장,8501.4,9123.0,1.0731173689039453
20244,3130290,영림시장,64972.8,63692.5,0.9802948310677698
20244,3130291,봉천제일종합시장,3497.6,3796.0,1.0853156450137238
20244,3130292,봉천현대시장,14983.0,17755.5,1.1850430487886272
20244,3130293,봉천중앙시장,16835.4,17344.5,1.0302398517409743
20244,3130294,관악중부시장,53287.4,53757.0,1.0088125898430025
20244,3130295,인헌시장(원당종합시장),34824.6,38770.0,1.113293476450555
20244,3130296,남부종합시장,4673.6,4959.0,1.061066415611092
20244,3130221,"남부골목시장(남부화곡시장, 남부시장)",76710.4,86140.5,1.1229311801268147
20244,3130219,까치산시장,102055.2,104412.0,1.0230933847564847
20244,3130118,정릉골 골목형상점가,28321.8,29002.5,1.024034489333305
20244,3130155,시영B상가(중계 그린아파트 B 상가),7569.8,9131.5,1.206306639541335
20244,3130145,쌍문역둘리상점가,24493.4,25865.5,1.056019172511779
20244,3130146,쌍문시장(쌍문역골목시장),221200.8,215193.0,0.9728400620612584
20244,3130147,쌍문역동측상점가,69130.6,72486.5,1.048544349390863
20244,3130148,방학동도깨비시장,35926.8,38039.0,1.0587917654786956
20244,3130149,창동신창시장,99971.0,103967.5,1.0399765932120315
20244,3130150,창동골목시장,35183.0,37464.5,1.0648466588977632
20244,3130151,신도봉시장,5996.6,6508.5,1.0853650401894406
20244,3130152,오!도봉거리 상점가,14727.4,16146.0,1.0963238589296145
20244,3130153,창동역상점가,27329.8,31367.0,1.147721534734978
20244,3130154,상계주공1단지(가)상가,1750.8,1595.0,0.9110121087502856
20244,3130156,시영2단지 무지개종합상가(중계 무지개2단지아파트상가),8564.4,9614.5,1.1226122086777826
20244,3130143,방천골목시장,38982.2,40115.5,1.029072243228961
20244,3130157,상계중앙시장,132385.8,145879.0,1.101923318059792
20244,3130158,상계역전종합상가,22953.8,24498.0,1.0672742639562949
20244,3130159,공릉동 도깨비시장,90094.6,97496.5,1.08215697722172
20244,3130160,수일시장,3311.6,3426.0,1.034545234931755
20244,3130161,증산종합시장,2554.4,2404.5,0.9413169433134982
20244,3130162,증산골목시장,11852.4,12710.0,1.0723566535047755
20244,3130163,응암오거리상점가,60622.0,65599.0,1.0820989079871994
20244,3130164,역촌중앙시장,8037.2,8525.5,1.060754989299756
20244,3130165,"대림골목시장(대림시장, 양지시장)",25610.0,28438.0,1.110425614994143
20244,3130166,응암시장(신응암시장),5600.6,6172.5,1.102114059207942
20244,3130144,백운시장,10053.4,10716.5,1.0659577854258262
20244,3130142,강북북부시장,3058.0,3327.0,1.0879659908436887
20244,3130218,신월중앙시장,8905.4,9003.5,1.0110157881734678
20244,3130129,장미원골목시장,40626.6,46328.5,1.1403489339496784
20244,3130119,정릉아리랑시장,30118.2,32672.5,1.0848091851438664
20244,3130120,돈암시장(돈암제일시장),92635.0,98824.5,1.0668159982727912
20244,3130121,길음시장,6328.4,6402.5,1.0117091207888251
20244,3130122,밤나무골시장,7234.0,6788.0,0.9383466961570364
20244,3130123,꿈의숲 장곡 골목형상점가,17324.0,18583.5,1.0727026090972065
20244,3130124,번동시장,3632.4,3991.5,1.098860257680872
20244,3130125,장위전통시장,54222.2,54993.0,1.014215579596549
20244,3130126,새석관시장,5648.2,5818.5,1.0301511986119471
20244,3130127,석관시장,10984.8,11214.5,1.020910712985216
20244,3130128,돌곶이시장(석관황금시장),67686.2,69740.5,1.0303503520658568
20244,3130130,수유북부골목시장,369.2,416.5,1.1281148429035754
20244,3130141,강북북부골목시장,31845.0,33358.0,1.0475113832626786
20244,3130131,동북프라자,8701.0,8683.5,0.99798873692679
20244,3130132,삼양골목시장(삼양시장),24675.8,25731.0,1.0427625446794024
20244,3130133,우이골목시장(우이시장),44616.2,51179.0,1.1470945530995469
20244,3130134,"솔샘시장(미아6,7동골목시장)",11457.8,12736.5,1.1116008308750371
20244,3130135,수유중앙골목시장(수유중앙시장),35693.0,38751.0,1.085675062337153
20244,3130136,수유재래시장,16391.6,16792.5,1.024457649039752
20244,3130137,"수유전통시장(수유시장, 수유골목시장)",28064.8,30376.0,1.082352270459793
20244,3130138,수유프라자,3514.2,3492.0,0.9936827727505548
20244,3130139,강북종합전통시장(강북종합골목시장),86199.2,86965.0,1.0088840731700526
20244,3130140,숭인시장,7380.4,7022.0,0.9514389463985692
20244,3130167,연신내상점가(연빛거리),155772.6,160639.0,1.03124041070124
20244,3130168,연서시장,25014.0,26670.5,1.0662229151675062
20244,3130169,대조시장,105167.6,108377.5,1.030521757651596
20244,3130206,신정3동 골목시장,6372.8,6085.0,0.954839317097665
20244,3130196,공덕시장,6534.6,4552.0,0.6965996388455299
20244,3130197,마포시장,15641.8,10828.5,0.6922796609085912
20244,3130198,아현시장,53185.8,49400.5,0.928828747522835
20244,3130199,신월3동 골목시장,41042.2,44202.5,1.07700123287738
20244,3130200,"신월7동 골목시장(약수시장, 우성상가)",8416.6,9064.0,1.07691942114393
20244,3130201,월정로시장,30388.8,33325.0,1.0966211235718424
20244,3130202,신영시장,18521.0,19772.5,1.0675719453593218
20244,3130203,서서울 골목형상점가,11359.4,12543.5,1.1042396605454514
20244,3130204,경창시장,26803.8,27688.5,1.033006514001746
20244,3130205,신곡종합시장(신월6동 골목시장),5181.2,5583.0,1.0775496024087083
20244,3130207,신정1동 골목시장(신정제일시장),12751.8,14017.5,1.0992565755422763
20244,3130170,제일시장,12201.0,12760.5,1.0458568969756576
20244,3130208,목동깨비시장(목3동시장),48793.6,50768.0,1.0404643231899269
20244,3130209,목사랑시장(목4동시장),45581.8,47049.0,1.032188285675423
20244,3130210,목2동시장,58642.4,63581.5,1.0842240426721963
20244,3130211,신정2동 골목시장(오목교중앙시장),52136.0,62040.0,1.1899647076875863
20244,3130212,공항시장,52428.2,53814.5,1.026441876699944
20244,3130213,방신전통시장,25335.8,26743.0,1.0555419603880676
20244,3130214,송화벽화시장(송화골목시장),10299.8,9677.5,0.939581351094196
20244,3130215,대원종합시장,6921.4,7365.5,1.0641633195596267
20244,3130216,화곡중앙시장,34518.2,36653.0,1.0618456350562893
20244,3130217,화곡본동시장,28929.4,30400.0,1.0508340995665308
20244,3130195,도화동 상점가,242733.8,236241.0,0.973251356012224
20244,3130194,용강동 상점가,64378.2,61268.0,0.9516886150902014
20244,3130193,신수시장,8356.8,8691.5,1.0400512157763735
20244,3130192,동진시장,6254.8,7343.0,1.1739783846006266
20244,3130171,불광먹자골목 골목형상점가,31301.6,33737.0,1.0778043294911444
20244,3130172,모래내시장(서중시장),26332.8,27854.5,1.057787246323976
20244,3130173,백련시장,10327.6,11278.0,1.0920252527208645
20244,3130174,연희사러가,5242.2,5480.0,1.0453626340086224
20244,3130175,신촌 상인회(신촌상점가),9461.0,9966.0,1.0533770214565057
20244,3130176,유진상가,2873.6,2953.5,1.0278048440979957
20244,3130177,인왕시장(홍제골목형상점가),4011.0,4020.0,1.0022438294689604
20244,3130178,이대 앞 스타트업 상점가,10000.8,6638.0,0.6637469002479802
20244,3130179,"이화여대 3,5,7길 상점가",163064.2,150109.5,0.9205546036469072
20244,3130180,포방터시장,29295.0,33427.5,1.1410650281618024
20244,3130181,아현가구거리상점가,352871.6,221273.0,0.6270637818401935
20244,3130182,영천시장,51924.6,46585.0,0.8971662757151716
20244,3130183,상암동상점가,178547.0,147914.5,0.8284345298436826
20244,3130184,마포농수산물시장,1119.4,2371.0,2.118098981597284
20244,3130185,망원월드컵시장,30652.0,33821.5,1.1034027143416416
20244,3130186,망원시장,35547.8,42008.0,1.1817327654594658
20244,3130187,영진시장,7460.8,5938.0,0.7958932018014154
20244,3130188,합정시장,6556.4,6312.5,0.9627997071563664
20244,3130189,서교시장,10071.8,13060.0,1.2966897674695683
20244,3130190,홍대소상공인상점가,68400.6,89944.5,1.3149665353812685
20244,3130191,홍대 걷고싶은 거리,75583.8,86026.0,1.1381539430407044
20244,3120144,영중로,217730.0,189590.5,0.8707596564552428
20244,3130326,고덕 골목형상점가,14471.4,15116.0,1.04454302969996
20244,3120142,대림역,259468.2,274314.5,1.0572181870456572
20244,3110962,도산공원북측,12592.4,11500.0,0.913249261459293
20244,3110952,논현목련공원,29944.8,29394.0,0.9816061553257996
20244,3110953,학동근린공원,66451.4,44199.5,0.6651402378279465
20244,3110954,국기원,76687.6,77847.0,1.0151184806930975
20244,3110955,논현초등학교,361070.6,334575.0,0.9266193370493196
20244,3110956,언주역 8번,65900.2,55061.5,0.8355285719921943
20244,3110957,언북중학교,154029.8,100179.0,0.6503871328794818
20244,3110958,역삼역 4번,98218.4,60172.5,0.6126397905076849
20244,3110959,신구중학교,18694.8,13739.5,0.7349369878254917
20244,3110960,은광여고,16701.0,13870.5,0.8305191305909826
20244,3110961,언주역 3번,213375.2,174532.0,0.8179582256982066
20244,3110963,역삼월드메르디앙아파트,47866.6,43697.0,0.9128912435811192
20244,3110950,논현역 7번,28860.4,20015.0,0.6935108314507075
20244,3110964,싸리고개근린공원,35654.2,35913.0,1.0072586118886415
20244,3110965,언주역 6번,128000.2,106804.5,0.834408852486168
20244,3110966,논현2동주민센터,249862.4,176143.5,0.7049620110909045
20244,3110967,역삼역 8번,82166.8,61477.5,0.7482036540305816
20244,3110968,강남구청역 2번,41682.4,28668.5,0.687784292651095
20244,3110969,베르사이유1아파트,124789.0,82400.0,0.6603146110634751
20244,3110970,학동초등학교,51356.8,37900.5,0.7379840644276902
20244,3110971,선정릉역 4번,100394.4,85504.5,0.8516859506107911
20244,3110972,강남세브란스병원미래의학연구센터,47913.2,44860.5,0.9362868687543308
20244,3110973,강남구청역 4번,153703.8,121722.0,0.7919257689139761
20244,3110951,신사은행나무공원,68048.2,56349.0,0.8280748057994187
20244,3110949,한남IC,45351.2,40331.0,0.8893039213956853
20244,3110975,매봉역 1번,47064.4,42189.0,0.8964100254119887
20244,3110935,한전아트센터,86632.6,79395.0,0.9164563917047392
20244,3110925,서초중학교,78119.0,75441.5,0.96572536770824
20244,3110926,신중초등학교,116342.8,101642.5,0.873646671732157
20244,3110927,잠원역,21561.6,19376.0,0.8986346096764619
20244,3110928,서초우방유쉘아파트,36124.4,26637.5,0.7373824893977478
20244,3110929,남부터미널역 1번,220218.2,209379.0,0.9507797266529288
20244,3110930,서초동성당,66269.6,61463.5,0.927476550333788
20244,3110931,삼성전자서울R&D(서울우면초등학교),4921.8,1663.5,0.3379861026453736
20244,3110932,서울시인재개발원,39610.0,30774.5,0.7769376420095936
20244,3110933,한국상담대학원대학교,14820.8,13374.5,0.902414174673432
20244,3110934,우면주공아파트,71022.4,60758.0,0.8554765820360901
20244,3110936,더케이호텔(양재리본타워2단지아파트),31158.4,28567.0,0.916831416247304
20244,3110948,헌인가구단지,5.0,0.0,0.0
20244,3110937,방아다리근린공원(횃불트리니티신학대학원대학교),7822.0,7445.0,0.9518026080286373
20244,3110938,바우뫼공원,42613.4,36022.0,0.8453209553802324
20244,3110939,양재역 8번(양재동우체국),277714.2,224518.0,0.8084498379989211
20244,3110940,양재근린공원(양재2동주민센터),58445.8,46885.5,0.8022047777599074
20244,3110941,언남고등학교,22558.0,16935.0,0.7507314478233886
20244,3110942,염곡동 구룡사(포이동성당),224655.8,205462.5,0.9145657490258432
20244,3110943,법제교육센터(버들어린이공원),77600.6,69705.5,0.8982598072695314
20244,3110944,서울나래학교(염곡어린이공원),5434.4,4436.5,0.8163734726924776
20244,3110945,본마을노인복지센터(서초구립내곡도서관),3041.2,3424.5,1.1260357753518349
20244,3110947,청계산입구역 2번(내곡동주민센터),1956.4,2029.0,1.0371089756695973
20244,3110974,언주중학교,57474.4,51686.5,0.8992960344083627
20244,3110976,언북초등학교,91334.8,87749.0,0.960740046510202
20244,3111027,문정초등학교,116027.0,119395.5,1.0290320356468754
20244,3111014,송파나루역 2번,93043.8,94800.5,1.0188803552735377
20244,3111004,삼전역 1번,300051.0,310272.0,1.0340642090844556
20244,3111005,삼전역 3번,211977.2,229445.5,1.0824065040957234
20244,3111006,석촌고분역 1번,272193.6,286047.5,1.0508972290311014
20244,3111007,석촌고분역 4번,154543.2,159463.5,1.0318376997499727
20244,3111008,석촌고분역 3번,87097.0,92247.5,1.0591352170568449
20244,3111009,송파책박물관,31446.8,32840.0,1.0443033949400258
20244,3111010,석촌역 7번,245294.6,260665.5,1.0626630182645684
20244,3111011,잠실나루역,6406.6,5879.0,0.9176474260918428
20244,3111012,석촌역 6번,133005.2,132679.0,0.997547464309666
20244,3111013,송파나루역 1번(송리단길),336415.8,366055.5,1.088104363707055
20244,3111015,석촌역 3번,256673.6,259305.0,1.0102519308569329
20244,3111002,한국교통안전공단 강남자동차검사소,4.0,0.0,0.0
20244,3111016,송파역 2번,105623.6,92760.0,0.8782128236492601
20244,3111017,송파나루역 3번,25019.2,25115.0,1.003829059282471
20244,3111018,풍납초등학교(풍납백제문화공원),14960.2,16901.0,1.1297308859507225
20244,3111019,한성백제역 3번,189273.2,200410.5,1.0588424563012615
20244,3111020,방이동고분군(방산고등학교),35349.2,35561.5,1.0060057936247495
20244,3111021,방이역 4번,359759.8,362155.0,1.0066577755491304
20244,3111022,석촌중학교(방이육교),51480.6,48654.0,0.9450938800247084
20244,3111023,문정역 1번,112957.2,92859.0,0.8220724309738556
20244,3111024,경찰병원역 4번(건너말공원),45649.0,41176.5,0.9020241407259744
20244,3111025,경찰병원역 3번,130802.6,130190.0,0.9953166068564386
20244,3111003,삼전역 4번,316007.6,342860.5,1.084975487931303
20244,3111001,아래방죽마을공원(율현초등학교),13414.2,14176.0,1.056790565221929
20244,3110977,논현로18길,17670.8,13421.0,0.7595015505806189
20244,3110988,청담역 3번,22382.8,20772.5,0.9280563647086156
20244,3110978,도곡2동주민센터(대치중학교),2195.0,1745.5,0.7952164009111617
20244,3110979,청담초등학교,37733.8,34310.0,0.9092643730554568
20244,3110980,개포지구대옆,70403.6,66400.5,0.943140691669176
20244,3110981,국악고교사거리,73042.6,69373.0,0.9497608245051518
20244,3110982,강남구보훈회관,51957.6,53376.0,1.027299182410273
20244,3110983,국립국악고등학교,65076.2,63551.5,0.976570543455211
20244,3110984,포이초등학교(개포목련어린이공원),121252.8,117280.0,0.9672353958011692
20244,3110985,청담근린공원,39497.4,36533.5,0.9249596175950822
20244,3110986,삼성중앙역 7번,36695.2,30061.0,0.8192079618042687
20244,3110987,영동대교남단,31873.2,30083.0,0.9438336910005898
20244,3110989,대치동아우편취급국,93109.8,73995.0,0.794706894440757
20244,3111000,대왕초등학교(세곡동사거리서남측),11653.8,11011.5,0.9448849302373477
20244,3110990,청담역 12번,8475.0,7297.5,0.8610619469026549
20244,3110991,삼성중앙역 5번,30300.6,24458.5,0.8071952370580121
20244,3110992,도곡초등학교,301676.6,348545.5,1.1553614035692528
20244,3110993,개포지하차도 북측,7057.8,8094.0,1.1468162883618125
20244,3110994,개포고등학교,92891.4,73511.0,0.7913649702771194
20244,3110995,봉은사역 4번,86058.6,83823.0,0.9740223522111676
20244,3110996,대치2동주민센터,131818.2,147306.5,1.1174974320693196
20244,3110997,대청초등학교,257640.6,258501.0,1.003339535771924
20244,3110998,은곡마을(은곡마을공원),11898.6,11751.0,0.9875951792647876
20244,3110999,윗방죽마을공원,22926.6,22736.0,0.991686512609807
20244,3110924,반포4동주민센터(몽마르뜨공원),61100.8,57252.0,0.9370090080653608
20244,3110923,방배역 1번,7230.0,6096.0,0.8431535269709544
20244,3110922,내방역 1번,112256.6,112620.5,1.0032416802219202
20244,3110858,신대방역 1번,79155.8,85353.0,1.078291167545524
20244,3110848,양지어린이공원,161238.6,178647.0,1.1079667027622415
20244,3110849,이수역 10번,260333.0,276825.0,1.063349632970081
20244,3110850,사당역 10번,331474.6,352149.5,1.0623725015431047
20244,3110851,경문고등학교(동작동성당),155881.4,162866.0,1.044807141839886
20244,3110852,이수역 9번,95863.0,91309.0,0.9524947059866684
20244,3110853,KT구로지사,289546.6,229388.0,0.7922317167599274
20244,3110854,조원동주민센터,48292.8,50209.5,1.0396891462081304
20244,3110855,신대방역 2번,156129.8,169156.0,1.0834318624631558
20244,3110856,미성초등학교,110224.8,119683.5,1.085812811635857
20244,3110857,미성동주민센터,157409.6,159765.0,1.0149635092141776
20244,3110859,난향초등학교,82197.4,83576.5,1.0167779029507016
20244,3110846,남성역 1번,363538.2,383961.5,1.0561792405859962
20244,3110860,호림박물관(성보고등학교),68676.0,69323.5,1.0094283301298852
20244,3110861,관악구신사동주민센터,254181.4,273592.5,1.076367114194823
20244,3110862,난곡초등학교(난곡동벽화마을),67722.4,72388.0,1.0688930102890626
20244,3110863,난우초등학교,92705.8,95753.0,1.0328695723460668
20244,3110864,신림우방아파트,209417.2,223941.5,1.0693558122255478
20244,3110865,남강고등학교(남강중학교),290931.2,309879.5,1.0651298313828148
20244,3110866,난우중학교,159985.8,168243.5,1.0516152058495192
20244,3110867,국제신학대학원대학교(남서울중학교),161206.0,177670.5,1.102133295286776
20244,3110868,남부초등학교,95732.0,104957.0,1.0963627627125725
20244,3110869,"신림역 5번(신림동주민센터, 신림동별빛거리)",570791.6,640910.5,1.1228450103330183
20244,3110847,예술인마을,103808.0,114783.5,1.1057288455610357
20244,3110845,사당종합체육관,61184.6,65027.5,1.0628082883601428
20244,3110921,서울프랑스학교,52863.8,52395.5,0.9911413859767932
20244,3110832,노량진초등학교,75578.0,75837.5,1.003433538860515
20244,3120141,영등포청과시장교차로,76004.0,72440.0,0.9531077311720436
20244,3110823,신대방삼거리역 3번,116393.6,123886.0,1.0643712369064966
20244,3110824,대방역 3번,30304.2,26826.0,0.8852238303601481
20244,3110825,신대방삼거리역 1번,298658.0,331183.0,1.1089038297986324
20244,3110826,장승배기역 4번,67683.8,71856.0,1.0616425200712725
20244,3110827,NH농협은행 상도동지점,99200.6,106782.5,1.0764299812702744
20244,3110828,노량진역 6번,259313.0,256383.0,0.9887009135677732
20244,3110829,장승배기역 5번,82067.8,85936.5,1.0471402913201036
20244,3110830,상도초등학교,110125.0,112729.0,1.0236458569807037
20244,3110831,상도4동주민센터,98577.4,99338.5,1.0077208366217816
20244,3110833,상도역 2번,81309.4,81217.0,0.9988636000265652
20244,3110844,흑석2치안센터,21326.6,22130.5,1.03769470989281
20244,3110834,동작구자원봉사센터,22663.8,24913.0,1.0992419629541383
20244,3110835,상도역 1번,27512.8,28167.0,1.0237780233200546
20244,3110836,상도역 5번,213817.6,232698.0,1.0883014307521923
20244,3110837,숭실대입구역 1번,222187.8,241162.5,1.0853993783637086
20244,3110838,상도1동주민센터앞,18764.2,19757.0,1.05290926338453
20244,3110839,숭실대입구역 4번,134686.8,133002.0,0.9874909790714458
20244,3110840,중앙대학교,206424.4,186588.0,0.9039047709476206
20244,3110841,중대부중,63466.8,59361.5,0.9353157871517076
20244,3110842,흑리단길,23602.8,23870.5,1.011341874692833
20244,3110843,사당5동주민센터,83060.4,85627.5,1.0309064247222504
20244,3110870,신림주공2단지(광신고등학교),49920.4,48835.5,0.978267401703512
20244,3110871,신원동주민센터,94891.2,107068.5,1.1283290758257878
20244,3110872,신림초등학교,120933.6,125086.0,1.0343361977151098
20244,3110909,남태령역(서울전자고등학교),6235.6,6080.0,0.9750465071524792
20244,3110899,낙성대역 5번(관악중학교),108079.4,120321.0,1.113264877488217
20244,3110900,낙성대역 1번(관악구민 종합체육센터),216724.2,237306.5,1.0949700125781985
20244,3110901,인헌고등학교(인헌중학교),166810.6,185294.0,1.1108047090532616
20244,3110902,사당역 4번,316034.2,340838.5,1.078486125868656
20244,3110903,방배아이파크아파트,167673.2,161519.5,0.9632994420098142
20244,3110904,이수역 5번,41724.8,34236.5,0.8205311948769077
20244,3110905,방배노인종합복지관(이수중학교),66515.8,69231.5,1.0408278935230426
20244,3110906,서문여고,41308.6,38966.0,0.9432902591712138
20244,3110907,방배초등학교,122118.8,122970.0,1.0069702617451204
20244,3110908,구반포역,7140.6,5385.5,0.754208329832227
20244,3110910,내방역 5번,61671.4,55695.0,0.9030928436844308
20244,3110873,당곡중학교,96485.0,89066.5,0.9231124008913304
20244,3110911,방배배수지체육공원,2031.8,1456.0,0.7166059651540506
20244,3110912,방배동사이길,20043.2,19712.0,0.9834756925041908
20244,3110913,방현초등학교(방배119안전센터),108266.8,94986.5,0.877337281604333
20244,3110914,내방역 6번,41429.8,36590.5,0.8831927742832454
20244,3110915,서래초등학교,21710.8,21841.5,1.006020045323065
20244,3110916,내방역 4번,88870.6,85130.0,0.9579095898981216
20244,3110917,서초소방서,7186.2,6541.0,0.9102168044307144
20244,3110918,방배역 3번,135924.4,126655.0,0.9318047385164108
20244,3110919,내방역 8번,94039.4,94216.0,1.001877936269266
20244,3110920,방배역 2번(백석예술대학교),8047.4,6771.0,0.8413897656385914
20244,3110898,청림동주민센터(상도중학교),68432.8,74798.0,1.0930138763867618
20244,3110897,서울대입구역 8번,219537.2,239180.5,1.0894759521393185
20244,3110896,관악우성아파트,27219.0,27723.0,1.0185164774605977
20244,3110895,샤로수길,516569.4,561078.5,1.0861628660156797
20244,3110874,원신초등학교(구세군관악영문교회),262891.0,267682.5,1.0182261849968235
20244,3110875,보라매동주민센터(당곡고등학교),26608.4,29580.0,1.1116790186557628
20244,3110876,서원동주민센터(신관중학교),64836.2,70307.0,1.084378788392904
20244,3110877,신림역 8번,185013.8,203192.0,1.09825321138207
20244,3110878,미림여고,89179.0,88880.0,0.9966471927247448
20244,3110879,신림현대아파트,39461.4,41733.5,1.0575777848733192
20244,3110880,신림역 1번,72442.0,74914.5,1.0341307528781647
20244,3110881,구립대학경로당(관악산샘말공원),582172.8,605960.0,1.0408593462284736
20244,3110882,신성초등학교,237002.4,255266.5,1.07706293269604
20244,3110883,은천초등학교(은천교앞),163086.4,175621.0,1.0768586467050594
20244,3110884,봉천역 4번(봉천110안전센터),104869.8,113009.5,1.077617197706108
20244,3110885,영락고등학교,178281.2,200882.5,1.1267733221450158
20244,3110886,관악해태어린이공원,163827.8,176750.0,1.0788767229981726
20244,3110887,서울산업정보학교(서울삼성초등학교),70559.6,70366.0,0.9972562202733576
20244,3110888,청룡동주민센터,104210.4,115445.5,1.1078116963374098
20244,3110889,봉천역 6번,59676.8,65034.5,1.089778607432034
20244,3110890,봉천역 1번(관악초등학교),121958.0,136997.0,1.1233129438003246
20244,3110891,구암초등학교,29636.0,30258.5,1.021004858955325
20244,3110892,관악구 중앙길,590927.4,640516.5,1.0839174152357802
20244,3110893,관악소방서(문영여고),12245.8,11814.5,0.9647797612242566
20244,3110894,관악동부센트레빌아파트(은천로35라길),34358.4,37837.0,1.1012445282667411
20244,3111026,문정역 2번,129313.2,125375.0,0.9695452591073456
20244,3110822,신대방삼거리역 4번(대림초등학교),97270.8,99938.5,1.0274254966547
20244,3111028,문현중학교(장지역 1번),117048.8,106397.0,0.9089969311945104
20244,3120078,미아사거리역,152148.4,158122.5,1.039264954478654
20244,3120068,사가정역,40424.0,40557.0,1.003290124678409
20244,3120069,상봉역,265284.6,290375.0,1.0945791802464222
20244,3120070,한성대입구역,101849.4,97487.5,0.9571730417655872
20244,3120071,성북구청,77129.8,75020.5,0.972652593420442
20244,3120072,성신여대,392998.4,387972.5,0.9872113983161254
20244,3120073,미아사거리,44831.8,50181.5,1.1193282446834611
20244,3120074,안암역,150748.4,114703.0,0.7608903311743276
20244,3120075,월곡역,52900.0,51995.0,0.9828922495274102
20244,3120076,수유역,648099.0,668637.0,1.0316896029773228
20244,3120077,미아역,253709.0,245589.0,0.967994828721094
20244,3120079,창동역,61350.6,60631.5,0.988278843238697
20244,3120066,장한평역(장한평),217387.8,193529.5,0.8902500508308194
20244,3120080,마들역,15384.2,16037.0,1.0424331456949336
20244,3120081,노원역,702414.0,710321.5,1.0112576059133218
20244,3120082,상계백병원,26648.4,24247.5,0.9099045346062052
20244,3120083,등나무근린공원,35775.8,40170.5,1.1228400203489508
20244,3120084,공릉역,76654.2,84278.0,1.099457042145114
20244,3120085,은행사거리,59416.2,65863.5,1.1085108101830814
20244,3120086,태릉입구역,60851.0,61343.5,1.008093539958259
20244,3120087,응암역,103175.0,116754.0,1.1316113399563847
20244,3120088,구산역,75175.4,71856.0,0.9558445980999104
20244,3120089,구파발역,36775.6,38402.5,1.0442385712265745
20244,3120067,장안동사거리,242203.2,249034.0,1.0282027652813834
20244,3120065,회기역,171813.4,170311.0,0.9912556296540316
20244,3120040,용산전자상가(용산역),167827.6,144671.5,0.8620244822663257
20244,3120052,성수역,221562.6,155309.5,0.7009734494901215
20244,3120042,"숙대입구역(남영역, 남영동)",66117.8,54792.5,0.8287102716666314
20244,3120043,서울역,186583.8,69400.5,0.3719535136490949
20244,3120044,삼각지역,115878.0,121814.0,1.051226289718497
20244,3120045,남영동 먹자골목,29783.0,25201.0,0.8461538461538461
20244,3120046,이태원(이태원역),199055.6,254944.5,1.280770297344059
20244,3120047,한남오거리,84838.4,78218.0,0.9219645820760412
20244,3120048,금호역,125840.2,136292.0,1.0830561299171488
20244,3120049,왕십리역(왕십리),365907.0,357421.5,0.9768096811484884
20244,3120050,서울숲역,29693.0,25132.5,0.8464116121644832
20244,3120051,뚝섬역,405603.6,303966.5,0.7494176580286763
20244,3120053,건대입구역(건대),397638.2,438555.5,1.1029008279385633
20244,3120064,경희대학교(경희대),133989.6,111803.5,0.8344192385080633
20244,3120054,어린이대공원역,299428.2,281004.5,0.9384703912323556
20244,3120055,군자역,367239.4,361558.5,0.9845307992551996
20244,3120056,구의역,197977.2,190276.5,0.9611030967202284
20244,3120057,아차산역,174489.8,188886.5,1.0825074015787743
20244,3120058,구의사거리,104197.4,107078.5,1.0276504020253865
20244,3120059,구삼강변맛길,137519.0,132757.0,0.9653720576793025
20244,3120060,강변역(테크노마트),41993.4,43945.5,1.0464858763519982
20244,3120061,올림픽대교북단,46869.4,49578.5,1.0578010386307484
20244,3120062,신설동역,285351.4,266745.0,0.9347947828537024
20244,3120063,청량리역(청량리),139011.6,144633.5,1.0404419487294585
20244,3120091,본서부병원,115971.8,116709.0,1.0063567177537986
20244,3120092,불광역,81059.6,87837.0,1.083610084431702
20244,3120093,연희동,97533.2,100804.0,1.033535247484959
20244,3120130,구로디지털단지역,225705.8,197317.0,0.8742221068311049
20244,3120120,화곡역,244660.4,253774.0,1.03725000040873
20244,3120121,까치산역,486626.6,462267.0,0.9499419061761112
20244,3120122,강서구청,258044.6,268583.0,1.0408394517846915
20244,3120123,오류동역,92813.6,97075.0,1.0459135299137194
20244,3120124,개봉동 현대아파트,168508.4,182988.0,1.0859280605595922
20244,3120125,구로역,104793.4,97969.0,0.9348775781680908
20244,3120126,디지털단지오거리,33572.6,32730.0,0.9749021523504288
20244,3120127,구로구청,93335.4,88429.0,0.947432592564022
20244,3120128,신도림역,82729.4,86167.0,1.0415523381047125
20244,3120129,구로디지털단지,115678.8,57778.5,0.4994735422566624
20244,3120131,가산디지털단지,194385.4,111132.5,0.5717121759144462
20244,3120094,"신촌역(신촌역, 신촌로터리)",894651.0,929560.5,1.0390202436480818
20244,3120132,독산동,146390.4,134353.0,0.9177719303998076
20244,3120133,서울시흥동우체국(홈플러스시흥점),21092.2,21872.5,1.036994718426717
20244,3120134,구로전화국,106211.2,100978.0,0.9507283600976169
20244,3120135,양평역,68210.4,45173.0,0.662259714061199
20244,3120136,영등포구청역,265678.4,258615.0,0.973413721250956
20244,3120137,문래역(문래로데오거리),5527.8,4880.0,0.8828105213647383
20244,3120138,당산2동(영등포우체국),84840.0,77578.5,0.914409476661952
20244,3120139,대림3동사거리,110452.0,113491.0,1.0275142143193423
20244,3120140,문래동주민센터,21756.8,16748.5,0.769805302250331
20244,3111029,오금역 4번,27616.4,25895.0,0.9376674729508552
20244,3120119,발산역(마곡),176905.0,157631.5,0.8910516944122552
20244,3120118,마곡역(마곡),21465.4,16301.5,0.7594314571356694
20244,3120117,강서농산물도매시장,1532.0,1480.5,0.966383812010444
20244,3120116,송정역,40766.2,42103.0,1.032791871697632
20244,3120095,홍제역,176336.0,188119.0,1.0668212957081935
20244,3120096,"이화여대(이대역, 이대)",194826.4,190019.5,0.97532726570937
20244,3120097,충정로역,85050.4,54358.5,0.639132796553573
20244,3120098,DMC(디지털미디어시티),84217.4,45405.5,0.5391463046828803
20244,3120099,월드컵경기장역(월드컵경기장),1001.8,1787.0,1.7837891794769416
20244,3120100,망원역,90195.8,86252.0,0.95627512589278
20244,3120101,합정역,216326.2,208622.0,0.964386190854367
20244,3120102,서교동(홍대),362744.0,349806.0,0.9643329731160268
20244,3120103,홍대입구역(홍대),581495.4,710054.5,1.2210836061643824
20244,3120104,연남동(홍대),693591.0,752979.5,1.085624669293575
20244,3120105,상수역(홍대),142931.0,147492.5,1.0319140004617613
20244,3120106,마포역,125184.2,105700.5,0.8443597514702335
20244,3120107,공덕역(공덕오거리),210663.8,153244.5,0.7274363227094547
20244,3120108,신정네거리역,123192.4,125551.5,1.019149720274952
20244,3120109,서울남부지방법원,90114.4,87140.5,0.9669986150937032
20244,3120110,목동역 8번출구,177607.2,178026.0,1.0023580125130065
20244,3120111,목동사거리,95167.2,99570.5,1.0462690927126153
20244,3120112,등촌역,200019.2,196804.5,0.9839280429078808
20244,3120113,오목교역,277139.2,293194.5,1.0579322593122875
20244,3120114,목동신시가지,170837.4,169152.0,0.9901344787499692
20244,3120115,김포공항역(김포공항),1549.2,1658.5,1.070552543248128
20244,3120041,신용산역(용산역),333820.6,277278.0,0.8306197999763946
20244,3120090,연신내역,278511.4,278991.0,1.0017220120971708
20244,3120039,신당역,336231.8,274894.0,0.8175728768070123
20244,3111066,암사동성당(효정하나플러스아파트),233197.0,231125.0,0.9911148085095436
20244,3111055,선사초등학교,4480.8,4846.5,1.0816148901981788
20244,3111057,천호공원(해공체육문화센터),126780.2,131263.0,1.035358833634905
20244,3111058,성내중학교,73901.8,69898.0,0.9458226998530482
20244,3111059,강동역 4번(강풀만화거리),453386.2,479299.5,1.0571550258918334
20244,3111060,암사역 2번(서울강동초등학교),486502.4,512637.0,1.0537193650021048
20244,3111061,암사역 1번,408828.4,454345.5,1.1113354649530218
20244,3111062,둔촌동역 3번(성내3동주민센터),133581.4,139327.5,1.0430157192543277
20244,3111063,강동구립 천호도서관,201218.6,225616.5,1.1212507193668977
20244,3111064,둔촌동역 4번,64595.2,67986.0,1.052493064500149
20244,3111065,천일초등학교,71869.4,78188.0,1.087917806465617
20244,3111067,강동구립성내도서관,343445.6,368203.5,1.0720868166603388
20244,3111079,둔촌고등학교(둔촌중학교),56258.6,53704.5,0.9546007188234332
20244,3111068,강동성심병원,26080.8,25858.0,0.9914573172602068
20244,3111069,천호1동주민센터,362210.6,365292.5,1.0085085858889828
20244,3111070,천호초등학교,243233.8,256584.5,1.0548883419985216
20244,3111071,천동초등학교,79537.4,79823.0,1.003590763590462
20244,3111072,굽은다리역 1번(십자성마을),261516.4,279141.5,1.067395773266992
20244,3111073,둔촌동역 1번(한산중학교),465723.2,473510.5,1.016720876262982
20244,3111074,명일역 1번,74016.8,80381.0,1.0859831821964745
20244,3111075,굽은다리역 2번,202735.8,204733.5,1.009853711086054
20244,3111076,둔촌2동주민센터,55975.2,58014.0,1.0364232731638297
20244,3111077,길동주민센터(강동도서관),493243.6,513532.5,1.0411336305225247
20244,3111054,암사역 4번(삼성광나루아파트),27089.4,32504.5,1.199897376833743
20244,3111053,성내천어린이공원(하니사랑길),156422.2,153326.0,0.9802061344233746
20244,3111052,암사역 3번(천호동자전거거리),195134.8,195718.5,1.0029912655251652
20244,3111051,천호역 6번,389795.0,420253.5,1.078139791428828
20244,3120038,약수역,152476.6,144491.5,0.9476306528345988
20244,3111031,장지동주민센터(한림연예예술고교),123305.2,126776.5,1.0281520973973524
20244,3111032,방이역 1번,51010.8,49591.0,0.9721666784288816
20244,3111033,문정동성당,19147.2,18485.5,0.9654414222445056
20244,3111034,오동나무공원(송파레미니스1단지),120831.2,123289.5,1.020344910917048
20244,3111035,오금공원(오주중학교),117351.2,123444.5,1.051923627538534
20244,3111036,투구봉어린이공원,53526.4,58845.5,1.099373393316195
20244,3111037,Sh수협은행 오금동금융센터(아랫말어린이공원),34071.4,33894.0,0.9947932870383958
20244,3111038,보인중학교,98186.0,82289.5,0.8380980995253906
20244,3111039,벌말어린이공원,142670.4,143962.5,1.0090565387073984
20244,3111040,거여초등학교,92277.6,97988.5,1.0618882589057366
20244,3111041,거여역 8번,17000.2,16593.5,0.9760767520382112
20244,3111042,거여역 1번(거여공원),264656.6,277841.5,1.0498188973938305
20244,3111043,마천공원,84457.2,90963.0,1.077030732726162
20244,3111044,남천초등학교,181774.6,193884.5,1.0666204189144135
20244,3111045,개미어린이공원,38236.0,39002.5,1.020046552986714
20244,3111046,마천역(마천초등학교),256065.0,270512.0,1.056419268545096
20244,3111047,마천1치안센터,35544.4,43222.5,1.2160143369982332
20244,3111048,천호역 1번(천호문구완구거리),171666.0,177195.5,1.032210804702154
20244,3111049,천호지구대(천호동자전거거리),178057.2,185316.5,1.0407694830649925
20244,3111050,강동구청(강동구청역 2번),45954.8,41884.5,0.9114281859566356
20244,3111078,굽은다리역 4번,558837.2,582711.0,1.04272049176397
20244,3111056,천호태영아파트,45779.8,50783.5,1.1092992979436345
20244,3111080,굽은다리역 3번,85390.4,100831.0,1.180823605463846
20244,3120026,을지로입구역,149815.6,72594.0,0.484555680449833
20244,3120016,동대문역,139089.8,123275.0,0.8862979168853504
20244,3120017,동묘앞역(동묘),120020.8,121970.0,1.0162405183101595
20244,3120018,중림동,69205.4,51447.0,0.7433957465746893
20244,3120019,경찰청앞교차로,64066.0,31636.0,0.4938032653825742
20244,3120020,시청역_1번,11351.8,5424.5,0.4778537324477175
20244,3120021,시청역_8번,89960.8,33054.0,0.3674267014077242
20244,3120022,북창동(시청역_6번),186583.6,117963.5,0.6322286631836882
20244,3120023,서울시청,97726.0,54345.5,0.5561007306141661
20244,3120024,회현역,129069.2,84073.5,0.6513831340087333
20244,3120025,롯데백화점(시청광장 지하쇼핑센터),20359.4,11877.0,0.5833668968633653
20244,3120027,명동역(명동재미로),110974.2,85870.5,0.7737879615261926
20244,3120014,종로5가역,138291.8,91454.5,0.661315421449428
20244,3120028,명동(명동거리),318792.4,218755.5,0.6862004865862549
20244,3120029,을지로2가,34841.4,23766.0,0.6821195474349481
20244,3120030,중부경찰서(영화인의거리),212793.2,132818.5,0.624167031653267
20244,3120031,을지로3가역,347711.4,181791.0,0.5228215123231507
20244,3120032,충무로역,295059.6,187899.0,0.6368171040698218
20244,3120033,을지로4가역,110399.2,58430.5,0.5292656106203668
20244,3120034,중구청(퇴계로4가),117843.8,76082.0,0.6456173341321308
20244,3120035,퇴계로5가,100518.2,66096.0,0.6575525626205005
20244,3120036,장충동족발거리(남소영길),43017.8,37075.5,0.8618641585576203
20244,3111030,방이역 2번,182243.4,200473.5,1.100031606082854
20244,3120015,종로6가,63901.0,44073.5,0.6897153409179825
20244,3120037,동대문역사문화공원역,629872.0,482816.5,0.7665311364848731
20244,3120013,이화사거리,185653.2,123822.5,0.6669559156534872
20244,3120001,서대문역,181186.6,101252.5,0.5588299576237977
20244,3120012,대학로(혜화역),532976.2,591529.5,1.1098610031742506
20244,3111082,중앙보훈병원,19371.0,21501.5,1.109983996696092
20244,3111083,GS강동자이아파트,160083.2,178174.0,1.113008735457562
20244,3111084,길동신동아아파트,34390.4,37554.5,1.092005327068019
20244,3111085,묘곡초등학교(고덕아이파크아파트),125115.8,121229.5,0.968938375488947
20244,3111086,한영중고,53364.8,47433.0,0.8888443318442119
20244,3111087,고덕중학교(고덕2동주민센터),32624.2,27859.5,0.8539519743012856
20244,3111088,고덕동성당,33370.2,35283.5,1.057335586840954
20244,3111089,상일여고(상일초등학교),120159.4,109387.5,0.9103532474363222
20244,3111090,강일동주민센터,10756.2,10828.0,1.0066752198731894
20244,3111081,둔촌푸르지오아파트,38336.2,40402.0,1.0538864050166683
20244,3120002,서촌(경복궁역),197944.6,194804.5,0.9841364705074046
20244,3120004,종로구청,67653.2,40223.0,0.5945468950470931
20244,3120005,삼청동,45667.6,45718.5,1.0011145757604951
20244,3120006,종각역,455093.6,282052.0,0.6197670105666175
20244,3120007,북촌(안국역),111979.8,92635.0,0.8272474142657872
20244,3120008,인사동,206343.6,148661.5,0.72045607423734
20244,3120009,종로3가역,916555.8,712201.5,0.7770410704945623
20244,3120010,원남동사거리,151865.2,102227.0,0.673143024208311
20244,3120011,종로4가,115078.2,82911.5,0.7204796390628286
20244,3120003,광화문역,199796.6,134089.0,0.6711275367048288
20231,3110946,청계산원터골,0.0,6.0,inf
